# binary	round	threads	gcthreads	collection	wall_ms	mark_ms	sweep_ms	safepoint_us	live_mb
vanilla	1	1	1	1	52.185	47.992	4.173	2.756	55.1
vanilla	1	1	1	2	41.17	36.866	4.278	7.424	55.1
vanilla	1	1	1	3	39.332	35.425	3.88	5.01	55.1
vanilla	1	1	1	4	39.465	35.527	3.918	4.068	55.1
vanilla	1	1	1	5	39.052	35.23	3.799	4.709	55.1
vanilla	1	1	1	6	39.496	35.56	3.913	3.798	55.1
vanilla	1	1	1	7	39.123	35.217	3.883	3.697	55.1
vanilla	1	1	1	8	39.044	35.233	3.787	4.799	55.1
vanilla	1	1	1	9	38.89	35.158	3.708	4.999	55.1
vanilla	1	1	1	10	39.224	35.405	3.796	5.29	55.1
vanilla	1	1	1	11	38.956	35.248	3.683	5.16	55.1
vanilla	1	1	1	12	39.449	35.582	3.842	6.492	55.1
regions	1	1	1	1	51.767	47.535	4.21	2.454	55.1
regions	1	1	1	2	40.664	36.477	4.151	9.939	55.1
regions	1	1	1	3	39.291	35.295	3.968	4.899	55.1
regions	1	1	1	4	39.243	35.252	3.963	4.88	55.1
regions	1	1	1	5	38.58	34.642	3.913	5.1	55.1
regions	1	1	1	6	38.846	34.851	3.972	4.729	55.1
regions	1	1	1	7	38.729	34.936	3.771	4.509	55.1
regions	1	1	1	8	38.75	34.827	3.902	4.218	55.1
regions	1	1	1	9	38.65	34.814	3.815	4.218	55.1
regions	1	1	1	10	38.999	35.131	3.843	4.238	55.1
regions	1	1	1	11	38.917	35.021	3.875	4.439	55.1
regions	1	1	1	12	38.611	34.73	3.86	4.449	55.1
vanilla	1	4	2	1	56.186	48.54	7.614	7.564	151.1
vanilla	1	4	2	2	57.073	49.257	7.763	16.451	151.1
vanilla	1	4	2	3	55.965	48.306	7.63	6.242	151.1
vanilla	1	4	2	4	56.376	48.656	7.69	5.03	151.1
vanilla	1	4	2	5	55.885	48.155	7.7	5.751	151.1
vanilla	1	4	2	6	56.313	48.611	7.672	7.324	151.1
vanilla	1	4	2	7	56.236	48.565	7.643	6.492	151.1
vanilla	1	4	2	8	56.426	48.669	7.727	6.643	151.1
vanilla	1	4	2	9	56.463	48.676	7.757	6.692	151.1
vanilla	1	4	2	10	56.475	48.718	7.726	7.334	151.1
vanilla	1	4	2	11	56.49	48.708	7.754	6.743	151.1
vanilla	1	4	2	12	56.259	48.493	7.737	5.72	151.1
regions	1	4	2	1	56.597	48.724	7.841	6.823	151.1
regions	1	4	2	2	57.603	49.6	7.962	10.42	151.1
regions	1	4	2	3	56.545	48.665	7.847	6.883	151.1
regions	1	4	2	4	56.624	48.795	7.8	6.101	151.1
regions	1	4	2	5	56.497	48.627	7.84	6.602	151.1
regions	1	4	2	6	56.157	48.378	7.751	6.642	151.1
regions	1	4	2	7	56.086	48.274	7.782	7.294	151.1
regions	1	4	2	8	56.12	48.29	7.801	6.843	151.1
regions	1	4	2	9	56.227	48.353	7.844	7.344	151.1
regions	1	4	2	10	55.837	47.997	7.807	8.416	151.1
regions	1	4	2	11	56.067	48.14	7.893	9.447	151.1
regions	1	4	2	12	55.795	47.912	7.854	6.342	151.1
vanilla	1	8	4	1	70.219	60.438	9.745	5.41	279.1
vanilla	1	8	4	2	58.349	48.764	9.538	14.037	279.2
vanilla	1	8	4	3	58.23	48.477	9.711	10.42	279.2
vanilla	1	8	4	4	56.368	46.687	9.646	8.476	279.2
vanilla	1	8	4	5	69.689	59.963	9.692	7.574	279.2
vanilla	1	8	4	6	67.822	58.042	9.746	8.196	279.2
vanilla	1	8	4	7	56.534	46.775	9.724	7.715	279.2
vanilla	1	8	4	8	56.497	46.7	9.76	8.215	279.2
vanilla	1	8	4	9	55.835	46.049	9.747	8.556	279.2
vanilla	1	8	4	10	57.513	47.756	9.719	9.538	279.2
vanilla	1	8	4	11	56.672	46.903	9.733	7.794	279.2
vanilla	1	8	4	12	58.397	48.496	9.862	8.566	279.2
regions	1	8	4	1	74.672	64.41	10.22	7.795	279.1
regions	1	8	4	2	60.211	50.011	10.144	15.309	279.2
regions	1	8	4	3	57.444	47.131	10.266	7.545	279.2
regions	1	8	4	4	58.188	47.885	10.263	8.646	279.2
regions	1	8	4	5	61.827	51.471	10.323	6.692	279.2
regions	1	8	4	6	57.301	46.876	10.378	6.051	279.2
regions	1	8	4	7	57.66	47.014	10.591	9.828	279.2
regions	1	8	4	8	71.628	61.146	10.442	7.995	279.2
regions	1	8	4	9	56.642	46.28	10.317	4.829	279.2
regions	1	8	4	10	57.215	46.743	10.433	9.328	279.2
regions	1	8	4	11	56.941	46.412	10.483	6.162	279.2
regions	1	8	4	12	67.676	57.267	10.355	8.496	279.2
vanilla	1	16	8	1	74.21	58.071	16.088	12.284	535.2
vanilla	1	16	8	2	66.751	50.33	16.363	10.47	535.2
vanilla	1	16	8	3	64.286	48.094	16.135	8.677	535.2
vanilla	1	16	8	4	65.157	48.685	16.413	8.315	535.2
vanilla	1	16	8	5	63.478	47.063	16.361	8.476	535.2
vanilla	1	16	8	6	65.441	49.814	15.573	7.754	535.2
vanilla	1	16	8	7	64.995	49.311	15.639	8.245	535.2
vanilla	1	16	8	8	62.518	46.537	15.933	8.115	535.2
vanilla	1	16	8	9	62.968	46.924	15.982	8.056	535.2
vanilla	1	16	8	10	64.229	48.602	15.569	15.57	535.2
vanilla	1	16	8	11	63.849	47.264	16.241	309.734	535.2
vanilla	1	16	8	12	63.861	47.798	16.014	5.47	535.2
regions	1	16	8	1	97.069	80.158	16.862	23.795	535.2
regions	1	16	8	2	73.785	57.412	16.326	9.928	535.2
regions	1	16	8	3	67.998	51.048	16.909	6.282	535.2
regions	1	16	8	4	60.021	42.822	17.16	5.63	535.2
regions	1	16	8	5	66.911	49.991	16.874	6.532	535.2
regions	1	16	8	6	67.955	50.799	17.116	7.214	535.2
regions	1	16	8	7	71.705	54.944	16.712	6.984	535.2
regions	1	16	8	8	69.201	51.323	17.831	6.422	535.2
regions	1	16	8	9	69.236	51.687	17.493	7.494	535.2
regions	1	16	8	10	70.467	53.085	17.34	10.64	535.2
regions	1	16	8	11	75.018	58.049	16.914	21.701	535.2
regions	1	16	8	12	64.503	47.477	16.991	5.019	535.2
vanilla	1	30	15	1	94.414	70.796	23.454	31.399	983.3
vanilla	1	30	15	2	81.058	57.785	23.209	8.546	983.3
vanilla	1	30	15	3	78.838	55.198	23.585	8.225	983.3
vanilla	1	30	15	4	76.837	53.05	23.728	7.544	983.3
vanilla	1	30	15	5	78.942	55.465	23.409	7.825	983.3
vanilla	1	30	15	6	75.764	52.485	23.223	10.78	983.3
vanilla	1	30	15	7	77.362	54.038	23.272	8.056	983.3
vanilla	1	30	15	8	83.854	60.358	23.428	7.394	983.3
vanilla	1	30	15	9	78.348	54.877	23.405	24.136	983.3
vanilla	1	30	15	10	81.931	58.31	23.554	7.544	983.3
vanilla	1	30	15	11	80.697	56.56	24.06	8.266	983.3
vanilla	1	30	15	12	81.393	57.42	23.916	8.155	983.3
regions	1	30	15	1	95.477	70.626	24.687	22.071	983.3
regions	1	30	15	2	81.035	56.225	24.75	8.546	983.3
regions	1	30	15	3	82.468	57.73	24.658	6.562	983.3
regions	1	30	15	4	82.155	57.118	24.973	7.514	983.3
regions	1	30	15	5	89.443	64.549	24.833	9.599	983.3
regions	1	30	15	6	85.279	60.435	24.779	7.714	983.3
regions	1	30	15	7	82.612	57.705	24.843	8.706	983.3
regions	1	30	15	8	84.639	59.671	24.893	25.758	983.3
regions	1	30	15	9	82.353	57.203	25.098	6.031	983.3
regions	1	30	15	10	83.718	58.532	25.118	5.601	983.3
regions	1	30	15	11	82.83	56.826	25.946	7.855	983.3
regions	1	30	15	12	83.921	57.449	26.421	8.095	983.3
regions	2	1	1	1	51.804	47.603	4.175	3.145	55.1
regions	2	1	1	2	40.733	36.501	4.176	14.518	55.1
regions	2	1	1	3	38.562	34.672	3.863	4.338	55.1
regions	2	1	1	4	38.415	34.522	3.87	3.997	55.1
regions	2	1	1	5	38.423	34.617	3.782	4.539	55.1
regions	2	1	1	6	38.449	34.62	3.806	4.058	55.1
regions	2	1	1	7	38.586	34.755	3.806	4.979	55.1
regions	2	1	1	8	38.429	34.509	3.895	5.119	55.1
regions	2	1	1	9	38.351	34.575	3.752	4.759	55.1
regions	2	1	1	10	38.77	34.871	3.874	4.548	55.1
regions	2	1	1	11	38.647	34.743	3.878	4.358	55.1
regions	2	1	1	12	39.002	35.07	3.907	5.731	55.1
vanilla	2	1	1	1	51.998	47.843	4.125	2.866	55.1
vanilla	2	1	1	2	41.406	37.102	4.271	7.404	55.1
vanilla	2	1	1	3	39.521	35.567	3.916	4.919	55.1
vanilla	2	1	1	4	39.341	35.195	4.116	5.831	55.1
vanilla	2	1	1	5	39.048	35.148	3.877	4.639	55.1
vanilla	2	1	1	6	39.346	35.413	3.907	4.529	55.1
vanilla	2	1	1	7	39.059	35.222	3.801	4.409	55.1
vanilla	2	1	1	8	39.32	35.469	3.824	5.119	55.1
vanilla	2	1	1	9	39.037	35.272	3.741	4.398	55.1
vanilla	2	1	1	10	39.233	35.396	3.814	4.108	55.1
vanilla	2	1	1	11	39.369	35.6	3.746	3.406	55.1
vanilla	2	1	1	12	39.223	35.401	3.799	4.408	55.1
regions	2	4	2	1	56.293	48.39	7.874	7.113	151.1
regions	2	4	2	2	56.92	48.987	7.887	14.738	151.1
regions	2	4	2	3	55.747	47.802	7.916	5.6	151.1
regions	2	4	2	4	56.169	48.267	7.871	5.571	151.1
regions	2	4	2	5	56.032	48.103	7.9	5.861	151.1
regions	2	4	2	6	55.883	47.983	7.869	6.602	151.1
regions	2	4	2	7	55.933	48.103	7.799	7.024	151.1
regions	2	4	2	8	55.941	48.091	7.82	7.174	151.1
regions	2	4	2	9	55.722	47.908	7.785	5.61	151.1
regions	2	4	2	10	55.729	47.858	7.841	6.813	151.1
regions	2	4	2	11	56.114	48.235	7.847	8.766	151.1
regions	2	4	2	12	56.012	48.139	7.842	6.592	151.1
vanilla	2	4	2	1	56.526	48.829	7.645	28.554	151.1
vanilla	2	4	2	2	57.705	49.926	7.726	19.126	151.1
vanilla	2	4	2	3	57.045	49.317	7.697	7.023	151.1
vanilla	2	4	2	4	56.752	49.016	7.707	5.27	151.1
vanilla	2	4	2	5	56.597	48.904	7.662	7.664	151.1
vanilla	2	4	2	6	56.43	48.743	7.656	6.252	151.1
vanilla	2	4	2	7	56.162	48.47	7.662	5.741	151.1
vanilla	2	4	2	8	56.188	48.516	7.644	6.111	151.1
vanilla	2	4	2	9	56.747	49.055	7.661	6.322	151.1
vanilla	2	4	2	10	56.83	49.149	7.65	6.162	151.1
vanilla	2	4	2	11	56.707	48.976	7.702	6.152	151.1
vanilla	2	4	2	12	56.62	48.922	7.669	5.611	151.1
regions	2	8	4	1	68.6	58.527	10.023	19.276	279.1
regions	2	8	4	2	58.863	48.828	9.989	13.836	279.2
regions	2	8	4	3	67.545	57.448	10.051	13.185	279.2
regions	2	8	4	4	65.46	55.419	10.004	7.223	279.2
regions	2	8	4	5	74.432	64.245	10.154	7.534	279.2
regions	2	8	4	6	58.769	48.606	10.129	6.342	279.2
regions	2	8	4	7	61.238	50.987	10.216	8.436	279.2
regions	2	8	4	8	77.422	66.962	10.424	7.404	279.2
regions	2	8	4	9	74.659	64.268	10.356	5.931	279.2
regions	2	8	4	10	59.264	48.89	10.337	8.496	279.2
regions	2	8	4	11	56.947	46.526	10.383	7.494	279.2
regions	2	8	4	12	57.432	46.719	10.395	291.621	279.2
vanilla	2	8	4	1	88.378	78.69	9.647	7.014	279.1
vanilla	2	8	4	2	57.884	48.328	9.514	7.665	279.2
vanilla	2	8	4	3	72.145	62.497	9.597	7.103	279.2
vanilla	2	8	4	4	56.413	46.773	9.599	8.355	279.2
vanilla	2	8	4	5	73.413	63.781	9.601	6.192	279.2
vanilla	2	8	4	6	56.834	47.05	9.738	7.244	279.2
vanilla	2	8	4	7	65.555	55.841	9.677	6.682	279.2
vanilla	2	8	4	8	64.75	54.963	9.752	7.273	279.2
vanilla	2	8	4	9	56.217	46.385	9.782	6.793	279.2
vanilla	2	8	4	10	64.836	54.961	9.825	8.245	279.2
vanilla	2	8	4	11	56.785	46.903	9.84	8.546	279.2
vanilla	2	8	4	12	55.861	45.918	9.892	8.947	279.2
regions	2	16	8	1	77.512	60.881	16.589	7.143	535.2
regions	2	16	8	2	65.148	48.413	16.685	9.037	535.2
regions	2	16	8	3	69.402	52.442	16.925	7.915	535.2
regions	2	16	8	4	69.425	53.068	16.317	6.271	535.2
regions	2	16	8	5	70.378	53.797	16.54	6.863	535.2
regions	2	16	8	6	70.504	53.985	16.479	7.835	535.2
regions	2	16	8	7	65.145	47.992	17.115	5.941	535.2
regions	2	16	8	8	64.994	47.448	17.503	6.953	535.2
regions	2	16	8	9	68.38	51.077	17.262	7.184	535.2
regions	2	16	8	10	72.781	55.528	17.215	7.363	535.2
regions	2	16	8	11	66.063	48.842	17.16	22.252	535.2
regions	2	16	8	12	66.654	49.588	17.027	6.372	535.2
vanilla	2	16	8	1	72.957	56.716	16.172	30.758	535.2
vanilla	2	16	8	2	64.335	48.559	15.728	8.526	535.2
vanilla	2	16	8	3	66.838	50.963	15.822	7.414	535.2
vanilla	2	16	8	4	68.813	53.277	15.493	8.707	535.2
vanilla	2	16	8	5	67.258	51.342	15.883	5.961	535.2
vanilla	2	16	8	6	69.776	54.215	15.527	4.869	535.2
vanilla	2	16	8	7	66.837	50.452	16.337	7.204	535.2
vanilla	2	16	8	8	66.969	50.779	16.14	8.807	535.2
vanilla	2	16	8	9	71.812	56.863	14.912	7.324	535.2
vanilla	2	16	8	10	67.228	50.528	16.653	4.829	535.2
vanilla	2	16	8	11	69.541	53.851	15.631	25.388	535.2
vanilla	2	16	8	12	63.407	48.006	15.361	5.761	535.2
regions	2	30	15	1	102.72	74.903	27.654	30.968	983.3
regions	2	30	15	2	83.555	58.393	25.113	10.2	983.3
regions	2	30	15	3	82.48	57.311	25.121	6.222	983.3
regions	2	30	15	4	76.595	51.829	24.712	7.283	983.3
regions	2	30	15	5	82.673	57.675	24.954	6.973	983.3
regions	2	30	15	6	72.143	47.413	24.681	6.252	983.3
regions	2	30	15	7	80.995	55.936	25.002	6.643	983.3
regions	2	30	15	8	87.881	62.595	25.214	26.119	983.3
regions	2	30	15	9	82.035	56.815	25.156	7.204	983.3
regions	2	30	15	10	79.747	54.541	25.133	9.228	983.3
regions	2	30	15	11	84.778	59.634	25.072	9.108	983.3
regions	2	30	15	12	82.829	57.387	25.38	9.237	983.3
vanilla	2	30	15	1	85.838	62.65	23.129	10.54	983.3
vanilla	2	30	15	2	81.298	58.026	23.205	8.917	983.3
vanilla	2	30	15	3	81.91	58.394	23.452	8.506	983.3
vanilla	2	30	15	4	79.917	56.498	23.364	6.433	983.3
vanilla	2	30	15	5	80.532	57.132	23.336	5.881	983.3
vanilla	2	30	15	6	79.887	56.446	23.372	11.992	983.3
vanilla	2	30	15	7	79.315	55.919	23.327	8.787	983.3
vanilla	2	30	15	8	92.499	69.13	23.303	9.157	983.3
vanilla	2	30	15	9	77.975	54.028	23.876	21.681	983.3
vanilla	2	30	15	10	85.742	62.047	23.616	14.588	983.3
vanilla	2	30	15	11	80.563	55.832	24.661	9.027	983.3
vanilla	2	30	15	12	81.421	58.009	23.358	8.396	983.3
vanilla	3	1	1	1	52.047	47.884	4.131	2.434	55.1
vanilla	3	1	1	2	41.258	36.925	4.285	13.635	55.1
vanilla	3	1	1	3	39.777	35.814	3.935	5.571	55.1
vanilla	3	1	1	4	39.589	35.603	3.962	3.978	55.1
vanilla	3	1	1	5	39.264	35.55	3.692	4.057	55.1
vanilla	3	1	1	6	39.109	35.227	3.858	4.348	55.1
vanilla	3	1	1	7	39.18	35.348	3.793	4.578	55.1
vanilla	3	1	1	8	39.318	35.378	3.902	5.551	55.1
vanilla	3	1	1	9	38.877	35.054	3.782	6.723	55.1
vanilla	3	1	1	10	39.02	35.183	3.798	6.222	55.1
vanilla	3	1	1	11	38.662	34.871	3.751	6.082	55.1
vanilla	3	1	1	12	39.268	35.367	3.862	5.34	55.1
regions	3	1	1	1	51.827	47.724	4.08	3.747	55.1
regions	3	1	1	2	41.003	36.658	4.313	10.48	55.1
regions	3	1	1	3	38.996	35.222	3.751	4.107	55.1
regions	3	1	1	4	38.784	34.971	3.785	4.889	55.1
regions	3	1	1	5	38.867	35.079	3.765	4.328	55.1
regions	3	1	1	6	39.257	35.286	3.947	4.669	55.1
regions	3	1	1	7	38.858	35.081	3.754	4.729	55.1
regions	3	1	1	8	38.747	34.967	3.757	3.326	55.1
regions	3	1	1	9	38.428	34.765	3.638	4.639	55.1
regions	3	1	1	10	38.614	34.822	3.769	4.719	55.1
regions	3	1	1	11	38.667	34.923	3.72	4.278	55.1
regions	3	1	1	12	38.66	34.815	3.821	4.228	55.1
vanilla	3	4	2	1	56.055	48.4	7.601	29.465	151.1
vanilla	3	4	2	2	57.352	49.685	7.622	13.175	151.1
vanilla	3	4	2	3	56.045	48.472	7.539	6.172	151.1
vanilla	3	4	2	4	56.363	48.767	7.561	6.171	151.1
vanilla	3	4	2	5	56.189	48.535	7.619	6.472	151.1
vanilla	3	4	2	6	56.177	48.596	7.549	6.973	151.1
vanilla	3	4	2	7	56.226	48.634	7.558	5.941	151.1
vanilla	3	4	2	8	56.216	48.651	7.536	6.202	151.1
vanilla	3	4	2	9	56.936	49.31	7.597	6.693	151.1
vanilla	3	4	2	10	62.771	54.201	8.54	6.743	151.1
vanilla	3	4	2	11	56.691	49.123	7.535	8.145	151.1
vanilla	3	4	2	12	55.852	48.361	7.461	7.454	151.1
regions	3	4	2	1	56.103	48.365	7.691	9.077	151.1
regions	3	4	2	2	57.094	49.196	7.846	13.054	151.1
regions	3	4	2	3	55.982	48.118	7.818	8.977	151.1
regions	3	4	2	4	56.26	48.394	7.82	7.865	151.1
regions	3	4	2	5	56.338	48.493	7.805	7.584	151.1
regions	3	4	2	6	56.491	48.635	7.812	6.071	151.1
regions	3	4	2	7	55.814	48.02	7.759	7.654	151.1
regions	3	4	2	8	56.053	48.172	7.837	6.732	151.1
regions	3	4	2	9	56.521	48.625	7.851	7.544	151.1
regions	3	4	2	10	56.29	48.439	7.818	7.715	151.1
regions	3	4	2	11	62.863	54.493	8.322	6.092	151.1
regions	3	4	2	12	59.264	50.767	8.45	8.166	151.1
vanilla	3	8	4	1	71.059	60.632	10.367	22.192	279.1
vanilla	3	8	4	2	57.742	47.895	9.788	15.61	279.2
vanilla	3	8	4	3	56.005	46.148	9.818	8.507	279.2
vanilla	3	8	4	4	56.694	46.818	9.84	7.053	279.2
vanilla	3	8	4	5	69.934	59.982	9.9	8.426	279.2
vanilla	3	8	4	6	58.131	48.171	9.908	9.308	279.2
vanilla	3	8	4	7	55.542	45.615	9.883	9.648	279.2
vanilla	3	8	4	8	56.826	46.786	10.004	8.135	279.2
vanilla	3	8	4	9	61.558	51.526	9.982	8.636	279.2
vanilla	3	8	4	10	67.948	57.965	9.95	9.238	279.2
vanilla	3	8	4	11	56.977	46.684	10.266	5.701	279.2
vanilla	3	8	4	12	58.311	48.214	10.063	5.019	279.2
regions	3	8	4	1	76.269	65.978	10.25	8.225	279.1
regions	3	8	4	2	58.98	48.562	10.367	11.221	279.2
regions	3	8	4	3	56.279	45.827	10.415	8.045	279.2
regions	3	8	4	4	67.729	57.248	10.447	7.123	279.2
regions	3	8	4	5	59.871	49.347	10.489	6.772	279.2
regions	3	8	4	6	57.146	46.515	10.591	7.033	279.2
regions	3	8	4	7	68.042	57.517	10.489	8.406	279.2
regions	3	8	4	8	76.986	66.474	10.476	7.524	279.2
regions	3	8	4	9	59.011	48.416	10.56	6.713	279.2
regions	3	8	4	10	64.429	53.478	10.917	6.262	279.2
regions	3	8	4	11	62.139	51.35	10.754	6.933	279.2
regions	3	8	4	12	57.635	46.779	10.807	19.487	279.2
vanilla	3	16	8	1	72.485	56.567	15.859	9.868	535.2
vanilla	3	16	8	2	67.442	51.426	15.963	7.645	535.2
vanilla	3	16	8	3	62.341	46.631	15.654	8.336	535.2
vanilla	3	16	8	4	62.834	46.895	15.88	8.235	535.2
vanilla	3	16	8	5	62.683	46.706	15.921	8.386	535.2
vanilla	3	16	8	6	68.114	52.612	15.459	8.125	535.2
vanilla	3	16	8	7	63.211	47.483	15.689	5.821	535.2
vanilla	3	16	8	8	64.716	49.116	15.542	6.622	535.2
vanilla	3	16	8	9	63.464	47.2	16.21	8.265	535.2
vanilla	3	16	8	10	62.85	46.824	15.969	8.015	535.2
vanilla	3	16	8	11	67.42	51.416	15.943	9.437	535.2
vanilla	3	16	8	12	61.973	45.862	15.737	336.976	535.2
regions	3	16	8	1	70.218	53.812	16.346	20.208	535.2
regions	3	16	8	2	76.451	59.176	17.216	19.357	535.2
regions	3	16	8	3	66.72	50.25	16.426	8.867	535.2
regions	3	16	8	4	65.772	48.927	16.81	7.324	535.2
regions	3	16	8	5	68.854	51.894	16.92	4.879	535.2
regions	3	16	8	6	68.779	51.496	17.23	6.222	535.2
regions	3	16	8	7	64.805	47.907	16.852	8.466	535.2
regions	3	16	8	8	69.037	52.566	16.424	7.885	535.2
regions	3	16	8	9	66.673	49.955	16.675	7.684	535.2
regions	3	16	8	10	63.19	46.056	16.962	134.083	535.2
regions	3	16	8	11	66.086	49.039	16.995	5.239	535.2
regions	3	16	8	12	63.065	45.964	17.061	6.732	535.2
vanilla	3	30	15	1	91.762	68.105	23.5	28.293	983.3
vanilla	3	30	15	2	78.172	53.389	24.718	11.512	983.3
vanilla	3	30	15	3	80.352	55.876	24.425	7.665	983.3
vanilla	3	30	15	4	81.676	57.313	24.295	9.147	983.3
vanilla	3	30	15	5	79.66	55.335	24.268	9.328	983.3
vanilla	3	30	15	6	83.557	59.597	23.906	6.883	983.3
vanilla	3	30	15	7	85.872	61.693	24.121	7.024	983.3
vanilla	3	30	15	8	82.36	57.606	24.691	6.292	983.3
vanilla	3	30	15	9	79.191	54.219	24.907	23.023	983.3
vanilla	3	30	15	10	81.246	56.075	24.578	547.283	983.3
vanilla	3	30	15	11	81.671	56.651	24.948	8.476	983.3
vanilla	3	30	15	12	80.587	56.116	24.411	10.018	983.3
regions	3	30	15	1	89.644	64.245	25.317	27.472	983.3
regions	3	30	15	2	79.736	55.073	24.593	8.746	983.3
regions	3	30	15	3	88.108	63.471	24.58	7.755	983.3
regions	3	30	15	4	84.804	60.293	24.459	5.47	983.3
regions	3	30	15	5	83.293	58.834	24.405	7.043	983.3
regions	3	30	15	6	83.124	57.631	25.425	7.985	983.3
regions	3	30	15	7	85.278	58.007	27.196	8.997	983.3
regions	3	30	15	8	82.913	58.119	24.721	23.164	983.3
regions	3	30	15	9	83.397	58.523	24.806	6.723	983.3
regions	3	30	15	10	80.621	55.912	24.651	7.814	983.3
regions	3	30	15	11	79.786	55.166	24.523	7.725	983.3
regions	3	30	15	12	91.801	65.932	25.799	9.428	983.3
regions	4	1	1	1	52.028	47.943	4.063	2.786	55.1
regions	4	1	1	2	40.638	36.56	4.035	18.485	55.1
regions	4	1	1	3	39.086	35.278	3.783	5.02	55.1
regions	4	1	1	4	39.137	35.249	3.863	4.258	55.1
regions	4	1	1	5	39.079	35.324	3.73	4.919	55.1
regions	4	1	1	6	39.011	35.178	3.81	5.38	55.1
regions	4	1	1	7	38.694	34.9	3.769	4.699	55.1
regions	4	1	1	8	38.849	34.973	3.851	4.879	55.1
regions	4	1	1	9	38.624	34.943	3.656	5.831	55.1
regions	4	1	1	10	39.069	35.169	3.874	4.939	55.1
regions	4	1	1	11	39.027	35.238	3.763	4.969	55.1
regions	4	1	1	12	39.192	35.288	3.88	4.258	55.1
vanilla	4	1	1	1	52.457	47.904	4.53	3.396	55.1
vanilla	4	1	1	2	41.476	37.282	4.167	10.65	55.1
vanilla	4	1	1	3	39.568	35.743	3.807	2.645	55.1
vanilla	4	1	1	4	39.517	35.684	3.815	3.807	55.1
vanilla	4	1	1	5	39.266	35.443	3.805	3.106	55.1
vanilla	4	1	1	6	39.3	35.458	3.822	3.767	55.1
vanilla	4	1	1	7	39.229	35.555	3.65	4.869	55.1
vanilla	4	1	1	8	39.376	35.534	3.818	4.799	55.1
vanilla	4	1	1	9	39.205	35.446	3.738	5.721	55.1
vanilla	4	1	1	10	39.368	35.443	3.904	3.948	55.1
vanilla	4	1	1	11	39.138	35.399	3.716	4.338	55.1
vanilla	4	1	1	12	39.297	35.469	3.805	4.668	55.1
regions	4	4	2	1	56.231	48.528	7.657	21.751	151.1
regions	4	4	2	2	57.09	49.24	7.801	17.624	151.1
regions	4	4	2	3	55.944	48.219	7.692	6.683	151.1
regions	4	4	2	4	55.587	47.886	7.669	5.42	151.1
regions	4	4	2	5	55.62	47.94	7.652	5.931	151.1
regions	4	4	2	6	55.653	47.883	7.74	6.202	151.1
regions	4	4	2	7	55.597	47.907	7.66	6.051	151.1
regions	4	4	2	8	55.701	48.023	7.648	7.003	151.1
regions	4	4	2	9	55.615	47.905	7.681	6.903	151.1
regions	4	4	2	10	55.4	47.761	7.61	6.583	151.1
regions	4	4	2	11	55.89	48.068	7.793	6.252	151.1
regions	4	4	2	12	55.569	47.821	7.718	6.623	151.1
vanilla	4	4	2	1	55.798	48.215	7.552	8.346	151.1
vanilla	4	4	2	2	57.199	49.552	7.602	14.988	151.1
vanilla	4	4	2	3	56.334	48.784	7.519	6.031	151.1
vanilla	4	4	2	4	56.554	48.955	7.571	6.001	151.1
vanilla	4	4	2	5	56.386	48.793	7.561	7.013	151.1
vanilla	4	4	2	6	56.463	48.865	7.57	6.593	151.1
vanilla	4	4	2	7	56.419	48.834	7.554	6.773	151.1
vanilla	4	4	2	8	56.477	48.884	7.565	7.264	151.1
vanilla	4	4	2	9	56.364	48.711	7.625	6.482	151.1
vanilla	4	4	2	10	56.357	48.723	7.605	6.803	151.1
vanilla	4	4	2	11	56.217	48.543	7.643	8.436	151.1
vanilla	4	4	2	12	56.201	48.596	7.576	5.24	151.1
regions	4	8	4	1	68.565	58.493	10.01	31.029	279.1
regions	4	8	4	2	60.823	50.785	9.994	8.376	279.2
regions	4	8	4	3	56.506	46.329	10.139	7.394	279.2
regions	4	8	4	4	67.58	57.299	10.245	7.455	279.2
regions	4	8	4	5	55.332	45.016	10.279	8.215	279.2
regions	4	8	4	6	58.817	48.463	10.317	7.965	279.2
regions	4	8	4	7	57.011	46.616	10.358	7.915	279.2
regions	4	8	4	8	62.44	51.954	10.45	7.965	279.2
regions	4	8	4	9	57.095	46.626	10.433	7.494	279.2
regions	4	8	4	10	56.738	46.242	10.458	8.816	279.2
regions	4	8	4	11	56.528	46.053	10.44	7.143	279.2
regions	4	8	4	12	56.863	46.294	10.534	9.397	279.2
vanilla	4	8	4	1	70.287	60.654	9.582	18.545	279.1
vanilla	4	8	4	2	59.534	49.95	9.525	21.53	279.2
vanilla	4	8	4	3	55.912	46.365	9.511	8.816	279.2
vanilla	4	8	4	4	56.191	46.624	9.533	7.024	279.2
vanilla	4	8	4	5	60.086	50.517	9.536	6.732	279.2
vanilla	4	8	4	6	68.183	58.588	9.563	7.044	279.2
vanilla	4	8	4	7	65.78	56.111	9.637	7.043	279.2
vanilla	4	8	4	8	71.095	61.314	9.731	10.89	279.2
vanilla	4	8	4	9	58.091	48.464	9.594	6.222	279.2
vanilla	4	8	4	10	77.797	68.068	9.695	6.923	279.2
vanilla	4	8	4	11	56.748	46.91	9.801	7.795	279.2
vanilla	4	8	4	12	75.627	65.348	9.614	638.655	279.2
regions	4	16	8	1	75.908	59.896	15.954	24.156	535.2
regions	4	16	8	2	67.381	50.95	16.376	9.387	535.2
regions	4	16	8	3	66.258	49.415	16.796	8.676	535.2
regions	4	16	8	4	65.056	48.288	16.728	6.552	535.2
regions	4	16	8	5	65.149	48.351	16.76	5.901	535.2
regions	4	16	8	6	66.197	49.227	16.918	6.212	535.2
regions	4	16	8	7	64.771	47.852	16.873	9.558	535.2
regions	4	16	8	8	70.973	53.994	16.938	7.805	535.2
regions	4	16	8	9	70.198	53.644	16.503	6.352	535.2
regions	4	16	8	10	67.188	50.115	17.029	8.085	535.2
regions	4	16	8	11	69.155	52.304	16.525	292.743	535.2
regions	4	16	8	12	69.95	52.645	17.267	4.899	535.2
vanilla	4	16	8	1	81.129	66.032	15.024	25.949	535.2
vanilla	4	16	8	2	66.096	49.937	16.118	8.475	535.2
vanilla	4	16	8	3	73.946	56.472	17.424	6.783	535.2
vanilla	4	16	8	4	72.075	56.003	16.026	8.907	535.2
vanilla	4	16	8	5	63.992	48.571	15.378	6.843	535.2
vanilla	4	16	8	6	67.648	51.68	15.929	6.121	535.2
vanilla	4	16	8	7	67.918	51.382	16.495	6.332	535.2
vanilla	4	16	8	8	65.702	49.523	16.137	7.584	535.2
vanilla	4	16	8	9	63.66	47.019	16.602	7.403	535.2
vanilla	4	16	8	10	65.384	49.212	16.128	6.913	535.2
vanilla	4	16	8	11	79.476	63.005	16.141	296.81	535.2
vanilla	4	16	8	12	67.62	51.811	15.771	5.951	535.2
regions	4	30	15	1	98.869	71.365	27.343	28.985	983.3
regions	4	30	15	2	85.415	58.979	26.38	8.766	983.3
regions	4	30	15	3	85.91	61.104	24.758	5.58	983.3
regions	4	30	15	4	80.698	55.413	25.239	9.538	983.3
regions	4	30	15	5	85.67	59.351	26.27	4.789	983.3
regions	4	30	15	6	86.869	59.893	26.921	8.697	983.3
regions	4	30	15	7	81.203	55.418	25.729	8.426	983.3
regions	4	30	15	8	88.414	63.14	25.209	21.25	983.3
regions	4	30	15	9	84.155	58.577	25.522	6.242	983.3
regions	4	30	15	10	80.76	53.503	27.198	9.097	983.3
regions	4	30	15	11	83.603	57.464	26.075	7.214	983.3
regions	4	30	15	12	80.24	54.787	25.396	7.334	983.3
vanilla	4	30	15	1	97.672	71.733	25.771	9.327	983.3
vanilla	4	30	15	2	86.806	63.3	23.438	7.815	983.3
vanilla	4	30	15	3	78.635	54.897	23.674	8.346	983.3
vanilla	4	30	15	4	78.543	54.815	23.663	8.877	983.3
vanilla	4	30	15	5	77.532	54.061	23.417	8.506	983.3
vanilla	4	30	15	6	78.684	55.085	23.542	7.434	983.3
vanilla	4	30	15	7	74.354	50.73	23.571	7.735	983.3
vanilla	4	30	15	8	79.502	55.833	23.616	9.478	983.3
vanilla	4	30	15	9	78.633	54.972	23.592	25.508	983.3
vanilla	4	30	15	10	81.474	57.611	23.81	7.023	983.3
vanilla	4	30	15	11	76.567	52.941	23.572	7.885	983.3
vanilla	4	30	15	12	78.649	54.984	23.613	8.566	983.3
vanilla	5	1	1	1	51.836	47.834	3.979	3.667	55.1
vanilla	5	1	1	2	41.271	36.941	4.272	15.329	55.1
vanilla	5	1	1	3	39.668	35.563	4.079	4.108	55.1
vanilla	5	1	1	4	39.004	34.98	3.998	3.837	55.1
vanilla	5	1	1	5	39.255	35.327	3.903	5.079	55.1
vanilla	5	1	1	6	39.672	35.672	3.972	4.238	55.1
vanilla	5	1	1	7	39.582	35.666	3.89	4.017	55.1
vanilla	5	1	1	8	39.392	35.587	3.78	4.959	55.1
vanilla	5	1	1	9	39.129	35.396	3.706	4.759	55.1
vanilla	5	1	1	10	39.504	35.505	3.974	4.759	55.1
vanilla	5	1	1	11	39.063	35.331	3.702	5.069	55.1
vanilla	5	1	1	12	39.993	35.889	4.083	6.342	55.1
regions	5	1	1	1	57.736	48.894	8.818	2.985	55.1
regions	5	1	1	2	40.859	36.613	4.207	13.676	55.1
regions	5	1	1	3	39.895	35.879	3.977	7.574	55.1
regions	5	1	1	4	39.475	35.618	3.819	6.502	55.1
regions	5	1	1	5	39.599	35.683	3.881	4.438	55.1
regions	5	1	1	6	38.965	35.107	3.823	4.409	55.1
regions	5	1	1	7	39.22	35.437	3.758	5.24	55.1
regions	5	1	1	8	39.303	35.475	3.806	3.737	55.1
regions	5	1	1	9	39.33	35.519	3.789	4.498	55.1
regions	5	1	1	10	39.347	35.483	3.828	4.358	55.1
regions	5	1	1	11	38.98	35.223	3.733	4.589	55.1
regions	5	1	1	12	38.84	35.063	3.756	3.226	55.1
vanilla	5	4	2	1	56.359	48.608	7.692	33.102	151.1
vanilla	5	4	2	2	57.21	49.545	7.621	15.048	151.1
vanilla	5	4	2	3	56.198	48.613	7.554	6.021	151.1
vanilla	5	4	2	4	56.433	48.797	7.594	6.041	151.1
vanilla	5	4	2	5	56.421	48.697	7.681	6.843	151.1
vanilla	5	4	2	6	56.38	48.692	7.653	8.096	151.1
vanilla	5	4	2	7	56.499	48.831	7.628	5.902	151.1
vanilla	5	4	2	8	56.388	48.723	7.629	8.536	151.1
vanilla	5	4	2	9	56.498	48.814	7.64	7.023	151.1
vanilla	5	4	2	10	56.571	48.91	7.627	7.444	151.1
vanilla	5	4	2	11	56.526	48.855	7.628	7.464	151.1
vanilla	5	4	2	12	56.334	48.671	7.633	6.082	151.1
regions	5	4	2	1	55.757	47.971	7.751	7.995	151.1
regions	5	4	2	2	57.263	49.425	7.795	9.137	151.1
regions	5	4	2	3	55.793	48.112	7.65	7.394	151.1
regions	5	4	2	4	55.562	47.852	7.679	6.061	151.1
regions	5	4	2	5	56.792	48.974	7.786	7.034	151.1
regions	5	4	2	6	56.121	48.386	7.703	8.075	151.1
regions	5	4	2	7	56.473	48.698	7.738	6.522	151.1
regions	5	4	2	8	55.599	47.848	7.717	9.127	151.1
regions	5	4	2	9	56.066	48.177	7.855	7.313	151.1
regions	5	4	2	10	56.214	48.434	7.741	7.945	151.1
regions	5	4	2	11	55.455	47.68	7.738	6.653	151.1
regions	5	4	2	12	55.934	48.148	7.75	6.773	151.1
vanilla	5	8	4	1	72.492	62.322	10.105	30.397	279.1
vanilla	5	8	4	2	58.555	48.565	9.942	7.003	279.2
vanilla	5	8	4	3	56.638	46.626	9.973	7.995	279.2
vanilla	5	8	4	4	58.652	48.531	10.086	6.503	279.2
vanilla	5	8	4	5	58.013	47.893	10.084	7.374	279.2
vanilla	5	8	4	6	77.159	67.078	10.048	8.045	279.2
vanilla	5	8	4	7	63.225	52.985	10.208	6.782	279.2
vanilla	5	8	4	8	66.546	56.431	10.079	9.007	279.2
vanilla	5	8	4	9	56.973	46.808	10.129	7.614	279.2
vanilla	5	8	4	10	57.41	47.207	10.167	8.406	279.2
vanilla	5	8	4	11	56.737	46.57	10.133	7.734	279.2
vanilla	5	8	4	12	57.104	46.889	10.18	7.674	279.2
regions	5	8	4	1	74.923	64.742	10.14	9.718	279.1
regions	5	8	4	2	71.301	61.134	10.117	10.921	279.2
regions	5	8	4	3	56.906	46.576	10.293	6.973	279.2
regions	5	8	4	4	63.721	53.371	10.313	8.536	279.2
regions	5	8	4	5	60.23	49.624	10.574	7.174	279.2
regions	5	8	4	6	58.233	47.785	10.401	6.943	279.2
regions	5	8	4	7	59.726	49.387	10.301	8.737	279.2
regions	5	8	4	8	57.312	46.718	10.546	6.262	279.2
regions	5	8	4	9	56.687	45.847	10.8	8.055	279.2
regions	5	8	4	10	67.408	56.866	10.507	7.233	279.2
regions	5	8	4	11	66.948	56.392	10.521	7.784	279.2
regions	5	8	4	12	56.83	46.104	10.683	6.111	279.2
vanilla	5	16	8	1	79.787	64.014	15.731	10.94	535.2
vanilla	5	16	8	2	67.827	51.239	16.528	15.459	535.2
vanilla	5	16	8	3	64.098	48.199	15.842	7.484	535.2
vanilla	5	16	8	4	63.993	47.922	16.014	9.508	535.2
vanilla	5	16	8	5	75.833	59.375	16.403	8.806	535.2
vanilla	5	16	8	6	64.161	48.3	15.819	9.118	535.2
vanilla	5	16	8	7	70.479	54.061	16.363	7.674	535.2
vanilla	5	16	8	8	66.881	51.145	15.686	9.248	535.2
vanilla	5	16	8	9	64.045	48.505	15.498	8.126	535.2
vanilla	5	16	8	10	65.217	49.595	15.577	7.575	535.2
vanilla	5	16	8	11	64.804	48.573	15.892	292.061	535.2
vanilla	5	16	8	12	69.951	53.494	16.4	7.263	535.2
regions	5	16	8	1	78.482	62.617	15.818	10.429	535.2
regions	5	16	8	2	69.213	52.303	16.862	8.045	535.2
regions	5	16	8	3	66.508	49.489	16.978	6.412	535.2
regions	5	16	8	4	66.194	49.382	16.765	7.054	535.2
regions	5	16	8	5	65.482	48.454	16.985	6.893	535.2
regions	5	16	8	6	68.629	51.759	16.827	6.662	535.2
regions	5	16	8	7	71.376	54.186	17.149	6.222	535.2
regions	5	16	8	8	66.393	49.581	16.769	6.943	535.2
regions	5	16	8	9	64.777	47.716	17.021	6.502	535.2
regions	5	16	8	10	64.234	47.251	16.937	6.793	535.2
regions	5	16	8	11	70.886	54.138	16.423	291.65	535.2
regions	5	16	8	12	65.851	48.863	16.947	7.454	535.2
vanilla	5	30	15	1	93.837	70.729	22.974	13.285	983.3
vanilla	5	30	15	2	79.435	56.209	23.174	9.278	983.3
vanilla	5	30	15	3	81.85	58.479	23.326	6.122	983.3
vanilla	5	30	15	4	82.231	58.685	23.498	7.254	983.3
vanilla	5	30	15	5	78.271	54.498	23.721	7.514	983.3
vanilla	5	30	15	6	82.533	58.836	23.644	7.294	983.3
vanilla	5	30	15	7	78.781	55.187	23.549	6.372	983.3
vanilla	5	30	15	8	76.884	53.307	23.519	6.192	983.3
vanilla	5	30	15	9	79.243	55.695	23.477	24.025	983.3
vanilla	5	30	15	10	80.365	56.543	23.774	7.965	983.3
vanilla	5	30	15	11	80.37	55.818	24.498	7.063	983.3
vanilla	5	30	15	12	85.461	60.888	24.521	7.374	983.3
regions	5	30	15	1	88.843	64.323	24.457	22.071	983.3
regions	5	30	15	2	81.252	56.841	24.349	10.731	983.3
regions	5	30	15	3	84.537	59.343	25.129	6.452	983.3
regions	5	30	15	4	82.247	56.735	25.448	8.636	983.3
regions	5	30	15	5	88.043	63.212	24.772	9.708	983.3
regions	5	30	15	6	81.93	57.195	24.675	11.281	983.3
regions	5	30	15	7	83.756	59.036	24.666	7.825	983.3
regions	5	30	15	8	81.028	55.919	25.044	22.553	983.3
regions	5	30	15	9	81.24	55.943	25.224	6.582	983.3
regions	5	30	15	10	85.828	59.885	25.873	9.398	983.3
regions	5	30	15	11	78.283	52.986	25.23	8.496	983.3
regions	5	30	15	12	82.224	54.987	27.181	8.025	983.3
regions	6	1	1	1	51.909	47.781	4.105	3.366	55.1
regions	6	1	1	2	40.716	36.453	4.234	8.406	55.1
regions	6	1	1	3	38.818	34.992	3.801	3.837	55.1
regions	6	1	1	4	39.2	35.207	3.967	4.438	55.1
regions	6	1	1	5	39.252	35.298	3.93	4.068	55.1
regions	6	1	1	6	38.741	34.775	3.942	4.689	55.1
regions	6	1	1	7	38.799	34.941	3.835	4.819	55.1
regions	6	1	1	8	38.795	34.874	3.897	4.298	55.1
regions	6	1	1	9	38.671	34.834	3.811	5.47	55.1
regions	6	1	1	10	38.894	34.985	3.883	5.14	55.1
regions	6	1	1	11	38.955	34.938	3.993	3.987	55.1
regions	6	1	1	12	38.841	34.877	3.941	4.699	55.1
vanilla	6	1	1	1	51.538	47.516	4.0	2.685	55.1
vanilla	6	1	1	2	40.946	36.84	4.077	9.307	55.1
vanilla	6	1	1	3	38.745	34.934	3.792	3.186	55.1
vanilla	6	1	1	4	38.566	34.663	3.884	2.946	55.1
vanilla	6	1	1	5	38.969	35.151	3.797	3.627	55.1
vanilla	6	1	1	6	38.988	35.035	3.929	5.15	55.1
vanilla	6	1	1	7	38.952	35.149	3.78	4.197	55.1
vanilla	6	1	1	8	40.061	35.523	4.515	4.329	55.1
vanilla	6	1	1	9	39.141	35.328	3.791	4.108	55.1
vanilla	6	1	1	10	38.713	34.867	3.822	4.669	55.1
vanilla	6	1	1	11	38.643	34.869	3.75	5.22	55.1
vanilla	6	1	1	12	38.868	34.984	3.861	4.588	55.1
regions	6	4	2	1	56.261	48.466	7.735	31.59	151.1
regions	6	4	2	2	56.945	49.216	7.689	9.017	151.1
regions	6	4	2	3	56.862	49.158	7.672	6.282	151.1
regions	6	4	2	4	56.249	48.631	7.587	6.412	151.1
regions	6	4	2	5	56.129	48.424	7.673	5.871	151.1
regions	6	4	2	6	55.95	48.255	7.665	6.142	151.1
regions	6	4	2	7	56.02	48.255	7.736	6.412	151.1
regions	6	4	2	8	55.924	48.153	7.739	5.019	151.1
regions	6	4	2	9	56.008	48.234	7.741	6.201	151.1
regions	6	4	2	10	55.989	48.151	7.807	5.77	151.1
regions	6	4	2	11	55.487	47.683	7.772	5.29	151.1
regions	6	4	2	12	55.533	47.737	7.766	6.493	151.1
vanilla	6	4	2	1	55.938	48.359	7.543	11.311	151.1
vanilla	6	4	2	2	56.948	49.26	7.644	14.908	151.1
vanilla	6	4	2	3	56.258	48.608	7.617	6.312	151.1
vanilla	6	4	2	4	56.134	48.543	7.561	6.262	151.1
vanilla	6	4	2	5	55.977	48.409	7.539	6.112	151.1
vanilla	6	4	2	6	56.193	48.63	7.533	6.392	151.1
vanilla	6	4	2	7	56.019	48.415	7.575	6.452	151.1
vanilla	6	4	2	8	55.99	48.426	7.533	6.382	151.1
vanilla	6	4	2	9	56.07	48.53	7.511	6.402	151.1
vanilla	6	4	2	10	55.739	48.186	7.523	6.733	151.1
vanilla	6	4	2	11	56.182	48.604	7.547	8.957	151.1
vanilla	6	4	2	12	56.323	48.775	7.518	6.622	151.1
regions	6	8	4	1	72.96	62.545	10.365	20.208	279.1
regions	6	8	4	2	67.599	57.274	10.277	14.237	279.2
regions	6	8	4	3	56.409	46.084	10.29	6.072	279.2
regions	6	8	4	4	57.912	47.586	10.292	6.102	279.2
regions	6	8	4	5	57.684	47.276	10.373	8.186	279.2
regions	6	8	4	6	61.55	51.178	10.338	7.474	279.2
regions	6	8	4	7	58.328	47.491	10.801	8.085	279.2
regions	6	8	4	8	56.826	46.281	10.513	7.023	279.2
regions	6	8	4	9	55.935	45.336	10.563	7.925	279.2
regions	6	8	4	10	56.575	45.859	10.663	7.394	279.2
regions	6	8	4	11	56.722	46.018	10.657	7.495	279.2
regions	6	8	4	12	56.607	45.966	10.604	8.335	279.2
vanilla	6	8	4	1	71.235	61.086	10.109	5.451	279.1
vanilla	6	8	4	2	63.009	52.902	10.062	9.237	279.2
vanilla	6	8	4	3	57.629	47.441	10.154	6.372	279.2
vanilla	6	8	4	4	57.0	46.85	10.114	7.694	279.2
vanilla	6	8	4	5	67.753	57.626	10.092	7.825	279.2
vanilla	6	8	4	6	70.599	60.459	10.105	7.183	279.2
vanilla	6	8	4	7	60.613	50.527	10.053	6.983	279.2
vanilla	6	8	4	8	57.492	46.914	10.533	18.465	279.2
vanilla	6	8	4	9	57.1	46.756	10.303	5.661	279.2
vanilla	6	8	4	10	57.409	47.14	10.233	8.376	279.2
vanilla	6	8	4	11	56.968	46.537	10.399	6.252	279.2
vanilla	6	8	4	12	67.579	57.338	10.207	6.813	279.2
regions	6	16	8	1	74.913	58.011	16.828	32.621	535.2
regions	6	16	8	2	67.982	50.693	17.229	11.08	535.2
regions	6	16	8	3	67.998	50.692	17.262	8.426	535.2
regions	6	16	8	4	71.608	54.706	16.85	6.822	535.2
regions	6	16	8	5	73.842	56.262	17.525	7.805	535.2
regions	6	16	8	6	69.143	52.737	16.346	9.198	535.2
regions	6	16	8	7	65.174	47.739	17.386	6.863	535.2
regions	6	16	8	8	69.682	51.837	17.792	7.173	535.2
regions	6	16	8	9	63.763	46.241	17.479	7.123	535.2
regions	6	16	8	10	64.988	47.691	17.24	6.051	535.2
regions	6	16	8	11	73.464	55.83	17.286	302.511	535.2
regions	6	16	8	12	72.501	54.732	17.713	5.721	535.2
vanilla	6	16	8	1	77.474	61.605	15.827	8.957	535.2
vanilla	6	16	8	2	65.409	49.143	16.2	14.588	535.2
vanilla	6	16	8	3	65.948	49.407	16.485	9.157	535.2
vanilla	6	16	8	4	63.435	47.524	15.857	7.234	535.2
vanilla	6	16	8	5	69.974	53.528	16.399	8.476	535.2
vanilla	6	16	8	6	66.625	50.229	16.343	7.223	535.2
vanilla	6	16	8	7	67.181	50.893	16.232	9.698	535.2
vanilla	6	16	8	8	63.359	47.029	16.282	7.895	535.2
vanilla	6	16	8	9	70.196	53.686	16.457	7.464	535.2
vanilla	6	16	8	10	69.687	53.54	16.092	8.736	535.2
vanilla	6	16	8	11	66.948	48.989	17.5	422.518	535.2
vanilla	6	16	8	12	64.456	46.848	17.55	5.951	535.2
regions	6	30	15	1	96.905	70.234	26.526	9.098	983.3
regions	6	30	15	2	83.211	58.232	24.915	8.687	983.3
regions	6	30	15	3	80.588	55.026	25.49	8.707	983.3
regions	6	30	15	4	79.396	54.305	25.03	8.857	983.3
regions	6	30	15	5	81.999	56.794	25.136	7.805	983.3
regions	6	30	15	6	80.99	55.841	25.089	8.957	983.3
regions	6	30	15	7	83.353	58.331	24.971	6.432	983.3
regions	6	30	15	8	81.81	56.636	25.096	26.039	983.3
regions	6	30	15	9	81.304	56.335	24.907	6.923	983.3
regions	6	30	15	10	82.973	57.982	24.935	8.446	983.3
regions	6	30	15	11	91.267	65.742	25.463	5.571	983.3
regions	6	30	15	12	84.639	59.282	25.306	8.696	983.3
vanilla	6	30	15	1	98.887	74.947	23.786	15.028	983.3
vanilla	6	30	15	2	81.802	56.671	25.057	15.58	983.3
vanilla	6	30	15	3	76.304	52.803	23.445	8.637	983.3
vanilla	6	30	15	4	74.858	51.544	23.268	8.676	983.3
vanilla	6	30	15	5	79.746	55.598	24.081	5.35	983.3
vanilla	6	30	15	6	84.173	60.429	23.676	8.927	983.3
vanilla	6	30	15	7	81.485	57.693	23.741	8.436	983.3
vanilla	6	30	15	8	77.211	53.481	23.636	6.071	983.3
vanilla	6	30	15	9	80.469	56.865	23.54	21.931	983.3
vanilla	6	30	15	10	81.525	57.416	24.045	5.521	983.3
vanilla	6	30	15	11	79.912	56.248	23.609	6.983	983.3
vanilla	6	30	15	12	77.006	52.831	24.11	7.053	983.3
vanilla	7	1	1	1	52.256	47.669	4.565	2.816	55.1
vanilla	7	1	1	2	41.349	37.072	4.24	9.938	55.1
vanilla	7	1	1	3	39.983	35.865	4.093	3.787	55.1
vanilla	7	1	1	4	39.713	35.695	3.998	4.108	55.1
vanilla	7	1	1	5	39.461	35.632	3.808	3.717	55.1
vanilla	7	1	1	6	39.442	35.541	3.88	4.448	55.1
vanilla	7	1	1	7	39.777	35.996	3.758	4.759	55.1
vanilla	7	1	1	8	39.678	35.797	3.859	4.528	55.1
vanilla	7	1	1	9	39.097	35.409	3.666	4.739	55.1
vanilla	7	1	1	10	39.557	35.587	3.948	4.779	55.1
vanilla	7	1	1	11	39.203	35.447	3.734	3.897	55.1
vanilla	7	1	1	12	39.412	35.625	3.765	4.418	55.1
regions	7	1	1	1	52.078	47.973	4.081	2.805	55.1
regions	7	1	1	2	40.639	36.419	4.184	8.226	55.1
regions	7	1	1	3	39.479	35.405	4.047	5.631	55.1
regions	7	1	1	4	40.379	35.492	4.862	3.877	55.1
regions	7	1	1	5	39.61	35.357	4.229	4.288	55.1
regions	7	1	1	6	38.952	35.072	3.858	3.216	55.1
regions	7	1	1	7	38.718	34.898	3.798	3.757	55.1
regions	7	1	1	8	38.952	35.078	3.851	3.938	55.1
regions	7	1	1	9	38.842	35.025	3.794	4.719	55.1
regions	7	1	1	10	38.759	34.952	3.784	4.639	55.1
regions	7	1	1	11	38.584	34.938	3.62	4.298	55.1
regions	7	1	1	12	38.907	35.014	3.862	5.03	55.1
vanilla	7	4	2	1	56.866	49.278	7.555	7.113	151.1
vanilla	7	4	2	2	57.782	50.077	7.668	14.898	151.1
vanilla	7	4	2	3	57.066	49.339	7.699	4.208	151.1
vanilla	7	4	2	4	56.462	48.889	7.543	6.101	151.1
vanilla	7	4	2	5	56.311	48.683	7.597	6.252	151.1
vanilla	7	4	2	6	56.419	48.783	7.606	5.34	151.1
vanilla	7	4	2	7	56.407	48.735	7.64	6.653	151.1
vanilla	7	4	2	8	56.336	48.643	7.662	7.784	151.1
vanilla	7	4	2	9	56.662	49.002	7.63	6.723	151.1
vanilla	7	4	2	10	56.468	48.817	7.623	6.733	151.1
vanilla	7	4	2	11	56.588	48.905	7.653	6.983	151.1
vanilla	7	4	2	12	56.439	48.825	7.586	6.994	151.1
regions	7	4	2	1	55.426	47.858	7.533	10.18	151.1
regions	7	4	2	2	56.623	48.885	7.695	14.167	151.1
regions	7	4	2	3	55.419	47.87	7.52	6.302	151.1
regions	7	4	2	4	55.491	47.858	7.604	5.33	151.1
regions	7	4	2	5	55.458	47.87	7.557	7.354	151.1
regions	7	4	2	6	55.802	48.158	7.613	6.612	151.1
regions	7	4	2	7	55.691	48.02	7.639	6.312	151.1
regions	7	4	2	8	55.954	48.29	7.633	5.641	151.1
regions	7	4	2	9	55.958	48.229	7.7	6.332	151.1
regions	7	4	2	10	56.261	48.584	7.648	7.093	151.1
regions	7	4	2	11	56.437	48.724	7.685	5.771	151.1
regions	7	4	2	12	55.991	48.327	7.635	6.522	151.1
vanilla	7	8	4	1	68.646	59.166	9.441	7.925	279.1
vanilla	7	8	4	2	58.445	48.944	9.443	21.491	279.2
vanilla	7	8	4	3	55.383	45.899	9.447	6.933	279.2
vanilla	7	8	4	4	58.332	48.756	9.538	7.294	279.2
vanilla	7	8	4	5	55.733	46.103	9.587	7.554	279.2
vanilla	7	8	4	6	55.827	46.178	9.607	8.987	279.2
vanilla	7	8	4	7	57.718	47.976	9.702	10.219	279.2
vanilla	7	8	4	8	63.313	53.536	9.744	7.073	279.2
vanilla	7	8	4	9	60.243	50.418	9.791	5.591	279.2
vanilla	7	8	4	10	63.528	53.657	9.832	8.386	279.2
vanilla	7	8	4	11	61.709	51.834	9.839	7.575	279.2
vanilla	7	8	4	12	61.768	51.911	9.822	7.454	279.2
regions	7	8	4	1	69.532	59.043	10.452	6.152	279.1
regions	7	8	4	2	59.592	49.052	10.49	15.529	279.2
regions	7	8	4	3	57.501	46.9	10.56	7.945	279.2
regions	7	8	4	4	56.204	45.605	10.562	7.324	279.2
regions	7	8	4	5	65.106	54.506	10.568	6.131	279.2
regions	7	8	4	6	62.418	51.869	10.515	7.925	279.2
regions	7	8	4	7	77.743	66.927	10.785	6.352	279.2
regions	7	8	4	8	57.859	47.042	10.786	5.831	279.2
regions	7	8	4	9	60.633	49.814	10.784	6.782	279.2
regions	7	8	4	10	58.613	47.795	10.784	6.733	279.2
regions	7	8	4	11	56.177	45.307	10.838	6.853	279.2
regions	7	8	4	12	57.493	46.71	10.749	6.732	279.2
vanilla	7	16	8	1	78.229	62.986	15.2	9.668	535.2
vanilla	7	16	8	2	63.953	47.982	15.918	8.075	535.2
vanilla	7	16	8	3	65.424	49.539	15.837	8.806	535.2
vanilla	7	16	8	4	63.901	48.226	15.633	7.635	535.2
vanilla	7	16	8	5	63.129	47.173	15.916	7.905	535.2
vanilla	7	16	8	6	68.359	52.419	15.9	7.495	535.2
vanilla	7	16	8	7	63.029	46.907	16.075	9.407	535.2
vanilla	7	16	8	8	62.176	46.183	15.954	6.913	535.2
vanilla	7	16	8	9	67.291	51.094	16.162	7.023	535.2
vanilla	7	16	8	10	69.19	53.581	15.575	6.432	535.2
vanilla	7	16	8	11	67.038	51.533	15.451	7.965	535.2
vanilla	7	16	8	12	72.127	56.534	15.533	22.442	535.2
regions	7	16	8	1	74.209	57.335	16.814	22.843	535.2
regions	7	16	8	2	65.755	48.491	17.207	13.686	535.2
regions	7	16	8	3	67.346	50.197	17.107	7.624	535.2
regions	7	16	8	4	64.429	47.461	16.927	5.641	535.2
regions	7	16	8	5	64.747	47.701	17.006	7.815	535.2
regions	7	16	8	6	64.672	47.432	17.195	7.654	535.2
regions	7	16	8	7	64.872	47.844	16.987	6.913	535.2
regions	7	16	8	8	67.445	50.755	16.648	6.843	535.2
regions	7	16	8	9	63.362	46.281	17.039	7.504	535.2
regions	7	16	8	10	65.518	48.768	16.708	7.123	535.2
regions	7	16	8	11	66.173	49.034	17.096	7.655	535.2
regions	7	16	8	12	65.921	48.804	17.059	22.142	535.2
vanilla	7	30	15	1	95.877	71.772	23.926	36.008	983.3
vanilla	7	30	15	2	87.377	63.583	23.733	8.276	983.3
vanilla	7	30	15	3	77.969	54.424	23.479	7.895	983.3
vanilla	7	30	15	4	79.466	55.629	23.767	9.198	983.3
vanilla	7	30	15	5	83.512	59.9	23.543	8.416	983.3
vanilla	7	30	15	6	81.997	58.36	23.565	11.793	983.3
vanilla	7	30	15	7	78.997	55.395	23.544	8.085	983.3
vanilla	7	30	15	8	80.256	56.61	23.595	6.783	983.3
vanilla	7	30	15	9	85.483	61.208	24.182	26.119	983.3
vanilla	7	30	15	10	83.342	56.572	26.709	8.056	983.3
vanilla	7	30	15	11	83.192	59.179	23.933	12.424	983.3
vanilla	7	30	15	12	79.492	54.785	24.639	8.445	983.3
regions	7	30	15	1	99.116	73.842	25.093	37.11	983.3
regions	7	30	15	2	83.595	58.138	25.396	11.161	983.3
regions	7	30	15	3	86.933	61.266	25.603	8.216	983.3
regions	7	30	15	4	83.371	58.158	25.156	8.005	983.3
regions	7	30	15	5	85.128	59.933	25.14	7.264	983.3
regions	7	30	15	6	84.015	58.725	25.237	6.973	983.3
regions	7	30	15	7	85.472	59.849	25.567	7.986	983.3
regions	7	30	15	8	85.149	59.92	25.151	23.294	983.3
regions	7	30	15	9	85.216	59.582	25.579	8.646	983.3
regions	7	30	15	10	81.453	56.033	25.363	8.596	983.3
regions	7	30	15	11	93.356	67.68	25.633	6.292	983.3
regions	7	30	15	12	80.459	54.24	26.158	5.711	983.3
regions	8	1	1	1	51.642	47.393	4.231	3.105	55.1
regions	8	1	1	2	40.861	36.72	4.115	7.184	55.1
regions	8	1	1	3	39.901	35.724	4.159	3.016	55.1
regions	8	1	1	4	39.834	35.557	4.26	1.983	55.1
regions	8	1	1	5	38.877	34.969	3.885	4.158	55.1
regions	8	1	1	6	39.115	34.82	4.272	3.807	55.1
regions	8	1	1	7	38.322	34.596	3.704	3.907	55.1
regions	8	1	1	8	38.388	34.535	3.831	3.767	55.1
regions	8	1	1	9	38.481	34.646	3.815	3.416	55.1
regions	8	1	1	10	38.507	34.616	3.871	4.148	55.1
regions	8	1	1	11	38.408	34.646	3.737	5.34	55.1
regions	8	1	1	12	38.434	34.583	3.83	4.478	55.1
vanilla	8	1	1	1	51.58	47.441	4.117	3.597	55.1
vanilla	8	1	1	2	41.268	36.922	4.314	8.256	55.1
vanilla	8	1	1	3	39.519	35.57	3.923	3.927	55.1
vanilla	8	1	1	4	39.496	35.574	3.899	4.168	55.1
vanilla	8	1	1	5	39.416	35.599	3.797	4.689	55.1
vanilla	8	1	1	6	39.118	35.27	3.83	3.476	55.1
vanilla	8	1	1	7	39.597	35.94	3.634	4.048	55.1
vanilla	8	1	1	8	39.824	35.997	3.805	4.058	55.1
vanilla	8	1	1	9	39.596	35.797	3.779	4.349	55.1
vanilla	8	1	1	10	39.704	35.808	3.874	3.857	55.1
vanilla	8	1	1	11	39.343	35.583	3.738	5.36	55.1
vanilla	8	1	1	12	39.307	35.503	3.783	3.778	55.1
regions	8	4	2	1	55.388	47.597	7.758	8.146	151.1
regions	8	4	2	2	56.972	49.086	7.841	14.517	151.1
regions	8	4	2	3	56.247	48.449	7.769	5.861	151.1
regions	8	4	2	4	55.96	48.094	7.836	6.652	151.1
regions	8	4	2	5	55.988	48.169	7.792	5.521	151.1
regions	8	4	2	6	55.724	47.951	7.742	5.781	151.1
regions	8	4	2	7	55.427	47.659	7.735	5.922	151.1
regions	8	4	2	8	55.623	47.859	7.733	7.484	151.1
regions	8	4	2	9	55.964	48.135	7.801	6.483	151.1
regions	8	4	2	10	56.015	48.231	7.755	6.352	151.1
regions	8	4	2	11	56.055	48.236	7.789	6.572	151.1
regions	8	4	2	12	55.782	48.006	7.747	6.272	151.1
vanilla	8	4	2	1	56.359	48.607	7.719	8.516	151.1
vanilla	8	4	2	2	57.662	49.819	7.79	19.917	151.1
vanilla	8	4	2	3	56.603	48.864	7.705	6.612	151.1
vanilla	8	4	2	4	57.033	49.298	7.701	6.843	151.1
vanilla	8	4	2	5	56.556	48.774	7.75	5.0	151.1
vanilla	8	4	2	6	56.342	48.634	7.677	6.463	151.1
vanilla	8	4	2	7	56.487	48.755	7.7	8.095	151.1
vanilla	8	4	2	8	56.275	48.549	7.697	5.711	151.1
vanilla	8	4	2	9	56.784	49.043	7.708	8.346	151.1
vanilla	8	4	2	10	56.611	48.913	7.667	6.913	151.1
vanilla	8	4	2	11	56.4	48.679	7.691	6.763	151.1
vanilla	8	4	2	12	56.425	48.718	7.675	6.482	151.1
regions	8	8	4	1	79.887	68.211	11.609	32.702	279.1
regions	8	8	4	2	59.684	49.471	10.166	9.598	279.2
regions	8	8	4	3	60.704	50.495	10.171	6.472	279.2
regions	8	8	4	4	57.122	46.844	10.243	7.304	279.2
regions	8	8	4	5	63.022	52.737	10.247	8.466	279.2
regions	8	8	4	6	60.01	49.657	10.318	7.064	279.2
regions	8	8	4	7	55.892	45.471	10.385	7.584	279.2
regions	8	8	4	8	56.182	45.711	10.426	10.369	279.2
regions	8	8	4	9	62.52	51.62	10.861	7.745	279.2
regions	8	8	4	10	63.236	52.557	10.642	7.193	279.2
regions	8	8	4	11	57.423	46.7	10.688	7.003	279.2
regions	8	8	4	12	62.207	51.466	10.706	6.663	279.2
vanilla	8	8	4	1	80.28	70.259	9.984	8.285	279.1
vanilla	8	8	4	2	64.44	54.414	9.985	7.714	279.2
vanilla	8	8	4	3	58.341	48.631	9.672	7.645	279.2
vanilla	8	8	4	4	54.323	44.583	9.705	8.797	279.2
vanilla	8	8	4	5	56.764	46.972	9.758	7.714	279.2
vanilla	8	8	4	6	66.358	56.59	9.732	9.738	279.2
vanilla	8	8	4	7	56.831	46.946	9.85	8.375	279.2
vanilla	8	8	4	8	59.698	49.878	9.786	8.095	279.2
vanilla	8	8	4	9	55.968	46.06	9.87	10.51	279.2
vanilla	8	8	4	10	56.013	45.995	9.984	7.003	279.2
vanilla	8	8	4	11	56.646	46.649	9.962	7.434	279.2
vanilla	8	8	4	12	62.865	52.952	9.879	8.065	279.2
regions	8	16	8	1	81.864	65.655	16.161	10.861	535.2
regions	8	16	8	2	67.718	51.58	16.086	8.737	535.2
regions	8	16	8	3	62.597	45.519	17.035	7.494	535.2
regions	8	16	8	4	68.101	51.153	16.905	7.524	535.2
regions	8	16	8	5	64.033	46.917	17.073	9.207	535.2
regions	8	16	8	6	63.858	46.968	16.846	7.985	535.2
regions	8	16	8	7	68.046	50.825	17.18	7.925	535.2
regions	8	16	8	8	65.351	48.389	16.922	7.744	535.2
regions	8	16	8	9	70.794	53.777	16.978	7.494	535.2
regions	8	16	8	10	64.448	46.95	17.448	7.855	535.2
regions	8	16	8	11	64.055	46.877	17.115	28.984	535.2
regions	8	16	8	12	71.173	53.933	17.197	5.761	535.2
vanilla	8	16	8	1	76.583	61.139	15.4	8.256	535.2
vanilla	8	16	8	2	64.894	48.987	15.858	8.336	535.2
vanilla	8	16	8	3	62.389	46.907	15.437	6.322	535.2
vanilla	8	16	8	4	77.357	61.163	16.154	6.192	535.2
vanilla	8	16	8	5	67.269	51.407	15.812	7.594	535.2
vanilla	8	16	8	6	61.501	45.451	16.008	7.203	535.2
vanilla	8	16	8	7	67.044	50.908	16.087	5.781	535.2
vanilla	8	16	8	8	65.413	49.59	15.78	8.396	535.2
vanilla	8	16	8	9	63.966	48.017	15.905	7.765	535.2
vanilla	8	16	8	10	64.609	49.064	15.501	6.783	535.2
vanilla	8	16	8	11	70.234	53.679	16.218	302.19	535.2
vanilla	8	16	8	12	62.09	46.13	15.919	6.522	535.2
regions	8	30	15	1	92.866	67.854	24.948	8.967	983.3
regions	8	30	15	2	75.694	50.837	24.796	8.045	983.3
regions	8	30	15	3	81.447	56.194	25.195	6.282	983.3
regions	8	30	15	4	90.184	65.38	24.747	8.005	983.3
regions	8	30	15	5	81.744	56.64	25.046	7.986	983.3
regions	8	30	15	6	82.224	57.337	24.836	7.383	983.3
regions	8	30	15	7	81.743	56.782	24.9	7.324	983.3
regions	8	30	15	8	84.42	59.691	24.665	21.721	983.3
regions	8	30	15	9	84.677	59.848	24.777	7.244	983.3
regions	8	30	15	10	89.978	65.055	24.87	7.905	983.3
regions	8	30	15	11	79.978	55.086	24.838	6.713	983.3
regions	8	30	15	12	88.697	63.738	24.909	5.581	983.3
vanilla	8	30	15	1	94.1	70.551	23.393	28.203	983.3
vanilla	8	30	15	2	79.476	55.94	23.481	8.336	983.3
vanilla	8	30	15	3	83.321	60.006	23.264	5.961	983.3
vanilla	8	30	15	4	77.995	52.957	24.984	7.834	983.3
vanilla	8	30	15	5	79.683	56.247	23.386	7.905	983.3
vanilla	8	30	15	6	83.974	60.454	23.461	6.893	983.3
vanilla	8	30	15	7	81.341	57.7	23.591	8.626	983.3
vanilla	8	30	15	8	85.895	62.355	23.5	5.961	983.3
vanilla	8	30	15	9	84.984	61.965	22.959	23.685	983.3
vanilla	8	30	15	10	83.996	60.315	23.644	4.789	983.3
vanilla	8	30	15	11	93.1	69.11	23.943	4.969	983.3
vanilla	8	30	15	12	89.349	65.053	24.252	6.883	983.3
vanilla	9	1	1	1	52.962	48.793	4.153	2.264	55.1
vanilla	9	1	1	2	42.07	37.739	4.301	7.865	55.1
vanilla	9	1	1	3	40.595	36.49	4.079	3.096	55.1
vanilla	9	1	1	4	41.171	36.948	4.201	3.426	55.1
vanilla	9	1	1	5	40.702	36.516	4.166	3.807	55.1
vanilla	9	1	1	6	41.302	36.882	4.395	2.886	55.1
vanilla	9	1	1	7	40.596	36.381	4.194	3.847	55.1
vanilla	9	1	1	8	39.725	35.695	4.01	2.976	55.1
vanilla	9	1	1	9	39.209	35.18	4.009	2.706	55.1
vanilla	9	1	1	10	39.135	35.303	3.809	4.217	55.1
vanilla	9	1	1	11	39.094	35.287	3.785	4.128	55.1
vanilla	9	1	1	12	39.302	35.363	3.916	5.17	55.1
regions	9	1	1	1	51.316	47.443	3.848	3.006	55.1
regions	9	1	1	2	40.474	36.384	4.064	8.516	55.1
regions	9	1	1	3	38.793	35.032	3.739	3.457	55.1
regions	9	1	1	4	39.258	35.333	3.901	3.526	55.1
regions	9	1	1	5	39.053	35.182	3.848	4.027	55.1
regions	9	1	1	6	38.719	34.816	3.884	3.506	55.1
regions	9	1	1	7	38.532	34.81	3.702	3.357	55.1
regions	9	1	1	8	38.787	34.828	3.934	3.857	55.1
regions	9	1	1	9	38.491	34.716	3.751	4.789	55.1
regions	9	1	1	10	38.516	34.625	3.868	4.108	55.1
regions	9	1	1	11	38.906	35.16	3.72	5.58	55.1
regions	9	1	1	12	38.929	34.996	3.911	3.917	55.1
vanilla	9	4	2	1	56.628	49.03	7.562	12.955	151.1
vanilla	9	4	2	2	57.298	49.675	7.573	18.826	151.1
vanilla	9	4	2	3	56.266	48.743	7.494	4.799	151.1
vanilla	9	4	2	4	56.301	48.786	7.472	5.591	151.1
vanilla	9	4	2	5	56.524	49.054	7.424	13.856	151.1
vanilla	9	4	2	6	56.369	48.778	7.557	5.721	151.1
vanilla	9	4	2	7	56.741	49.177	7.536	4.999	151.1
vanilla	9	4	2	8	56.679	49.104	7.547	5.681	151.1
vanilla	9	4	2	9	56.653	49.072	7.551	6.242	151.1
vanilla	9	4	2	10	56.477	48.891	7.558	5.3	151.1
vanilla	9	4	2	11	56.818	49.2	7.588	4.538	151.1
vanilla	9	4	2	12	56.286	48.676	7.581	6.232	151.1
regions	9	4	2	1	56.132	48.284	7.819	5.571	151.1
regions	9	4	2	2	56.759	48.814	7.897	16.321	151.1
regions	9	4	2	3	55.626	47.817	7.778	5.811	151.1
regions	9	4	2	4	55.887	48.06	7.799	4.649	151.1
regions	9	4	2	5	56.222	48.324	7.874	4.779	151.1
regions	9	4	2	6	56.075	48.146	7.901	3.947	151.1
regions	9	4	2	7	55.671	47.875	7.765	5.62	151.1
regions	9	4	2	8	55.68	47.913	7.737	5.11	151.1
regions	9	4	2	9	56.065	48.203	7.831	5.882	151.1
regions	9	4	2	10	55.751	47.96	7.763	5.531	151.1
regions	9	4	2	11	55.902	48.064	7.807	5.721	151.1
regions	9	4	2	12	56.173	48.371	7.772	5.771	151.1
vanilla	9	8	4	1	69.761	60.126	9.592	6.633	279.1
vanilla	9	8	4	2	56.62	47.071	9.504	9.117	279.2
vanilla	9	8	4	3	56.719	47.084	9.592	7.544	279.2
vanilla	9	8	4	4	56.802	47.176	9.589	7.224	279.2
vanilla	9	8	4	5	75.441	65.753	9.652	6.582	279.2
vanilla	9	8	4	6	61.883	52.254	9.594	6.753	279.2
vanilla	9	8	4	7	58.964	49.254	9.672	7.655	279.2
vanilla	9	8	4	8	57.514	47.764	9.714	8.145	279.2
vanilla	9	8	4	9	62.405	52.691	9.681	7.574	279.2
vanilla	9	8	4	10	66.795	57.026	9.735	7.043	279.2
vanilla	9	8	4	11	62.504	52.732	9.74	6.913	279.2
vanilla	9	8	4	12	56.042	46.249	9.756	5.27	279.2
regions	9	8	4	1	68.938	58.975	9.903	29.355	279.1
regions	9	8	4	2	58.326	48.277	10.001	8.336	279.2
regions	9	8	4	3	57.918	47.769	10.11	7.995	279.2
regions	9	8	4	4	57.495	47.479	9.98	8.206	279.2
regions	9	8	4	5	60.031	49.993	10.002	7.544	279.2
regions	9	8	4	6	56.935	46.791	10.107	7.394	279.2
regions	9	8	4	7	58.237	48.052	10.148	7.294	279.2
regions	9	8	4	8	76.243	66.132	10.077	7.384	279.2
regions	9	8	4	9	61.058	50.882	10.139	8.687	279.2
regions	9	8	4	10	55.387	45.111	10.238	7.384	279.2
regions	9	8	4	11	69.382	58.822	10.522	7.364	279.2
regions	9	8	4	12	57.178	46.87	10.269	6.963	279.2
vanilla	9	16	8	1	72.394	56.022	16.322	10.139	535.2
vanilla	9	16	8	2	63.745	47.572	16.115	8.206	535.2
vanilla	9	16	8	3	70.985	55.217	15.723	8.266	535.2
vanilla	9	16	8	4	63.963	47.83	16.086	9.618	535.2
vanilla	9	16	8	5	68.53	52.333	16.155	8.867	535.2
vanilla	9	16	8	6	64.352	48.277	16.031	8.746	535.2
vanilla	9	16	8	7	63.473	47.29	16.141	8.125	535.2
vanilla	9	16	8	8	64.823	48.443	16.336	7.505	535.2
vanilla	9	16	8	9	67.112	50.905	16.153	8.216	535.2
vanilla	9	16	8	10	72.671	56.348	16.276	8.125	535.2
vanilla	9	16	8	11	66.117	49.613	16.165	302.952	535.2
vanilla	9	16	8	12	63.626	47.408	16.178	5.781	535.2
regions	9	16	8	1	78.021	62.198	15.772	16.631	535.2
regions	9	16	8	2	66.732	49.775	16.907	9.558	535.2
regions	9	16	8	3	67.658	50.678	16.941	5.931	535.2
regions	9	16	8	4	68.435	51.63	16.76	7.514	535.2
regions	9	16	8	5	67.065	49.972	17.047	6.432	535.2
regions	9	16	8	6	65.057	48.075	16.94	7.343	535.2
regions	9	16	8	7	68.164	51.514	16.607	7.344	535.2
regions	9	16	8	8	66.621	49.67	16.908	7.885	535.2
regions	9	16	8	9	64.171	47.174	16.945	8.746	535.2
regions	9	16	8	10	68.881	51.293	17.546	7.584	535.2
regions	9	16	8	11	68.472	50.988	17.411	24.105	535.2
regions	9	16	8	12	68.645	51.84	16.75	7.795	535.2
vanilla	9	30	15	1	93.997	70.817	23.016	29.205	983.3
vanilla	9	30	15	2	81.866	58.653	23.154	8.195	983.3
vanilla	9	30	15	3	76.303	53.119	23.131	7.223	983.3
vanilla	9	30	15	4	79.112	55.924	23.137	7.554	983.3
vanilla	9	30	15	5	77.405	54.123	23.232	6.562	983.3
vanilla	9	30	15	6	79.325	56.048	23.226	8.506	983.3
vanilla	9	30	15	7	77.801	54.458	23.28	8.456	983.3
vanilla	9	30	15	8	79.087	55.722	23.31	7.785	983.3
vanilla	9	30	15	9	76.245	52.846	23.318	25.548	983.3
vanilla	9	30	15	10	79.39	56.075	23.26	8.966	983.3
vanilla	9	30	15	11	76.339	52.937	23.351	6.573	983.3
vanilla	9	30	15	12	77.171	53.763	23.338	6.913	983.3
regions	9	30	15	1	89.657	64.311	25.282	12.614	983.3
regions	9	30	15	2	82.535	57.006	25.455	8.747	983.3
regions	9	30	15	3	80.805	55.62	25.113	8.626	983.3
regions	9	30	15	4	82.982	57.407	25.498	9.668	983.3
regions	9	30	15	5	90.92	63.72	27.132	8.396	983.3
regions	9	30	15	6	82.077	56.754	25.249	7.494	983.3
regions	9	30	15	7	83.371	57.009	26.306	8.105	983.3
regions	9	30	15	8	80.138	55.318	24.741	25.548	983.3
regions	9	30	15	9	86.217	60.817	25.356	6.271	983.3
regions	9	30	15	10	86.005	60.868	25.091	6.743	983.3
regions	9	30	15	11	91.193	65.765	25.371	6.643	983.3
regions	9	30	15	12	91.296	65.845	25.388	8.396	983.3
regions	10	1	1	1	52.464	48.2	4.244	2.224	55.1
regions	10	1	1	2	41.423	37.055	4.337	8.697	55.1
regions	10	1	1	3	40.501	36.27	4.207	3.486	55.1
regions	10	1	1	4	40.73	36.249	4.459	2.555	55.1
regions	10	1	1	5	39.728	35.659	4.046	3.386	55.1
regions	10	1	1	6	40.075	35.628	4.421	5.931	55.1
regions	10	1	1	7	39.736	35.607	4.109	3.828	55.1
regions	10	1	1	8	40.122	35.891	4.215	2.755	55.1
regions	10	1	1	9	39.725	35.556	4.152	2.405	55.1
regions	10	1	1	10	40.14	35.835	4.286	3.687	55.1
regions	10	1	1	11	39.682	35.533	4.132	3.116	55.1
regions	10	1	1	12	39.839	35.602	4.217	3.817	55.1
vanilla	10	1	1	1	51.933	47.85	4.061	2.414	55.1
vanilla	10	1	1	2	40.794	36.587	4.173	8.476	55.1
vanilla	10	1	1	3	39.07	34.958	4.086	5.942	55.1
vanilla	10	1	1	4	39.533	35.455	4.057	5.25	55.1
vanilla	10	1	1	5	39.098	35.314	3.764	3.497	55.1
vanilla	10	1	1	6	38.959	35.064	3.873	3.907	55.1
vanilla	10	1	1	7	38.947	35.296	3.628	3.838	55.1
vanilla	10	1	1	8	39.795	35.816	3.956	4.208	55.1
vanilla	10	1	1	9	39.625	35.752	3.85	4.749	55.1
vanilla	10	1	1	10	39.373	35.451	3.899	4.178	55.1
vanilla	10	1	1	11	40.269	36.471	3.778	4.508	55.1
vanilla	10	1	1	12	40.4	36.131	4.245	3.086	55.1
regions	10	4	2	1	55.652	48.105	7.512	9.418	151.1
regions	10	4	2	2	56.711	49.03	7.637	14.317	151.1
regions	10	4	2	3	55.546	48.03	7.487	5.19	151.1
regions	10	4	2	4	55.55	48.006	7.515	6.372	151.1
regions	10	4	2	5	55.773	48.233	7.511	6.944	151.1
regions	10	4	2	6	55.694	48.162	7.502	6.422	151.1
regions	10	4	2	7	55.439	47.846	7.557	6.142	151.1
regions	10	4	2	8	55.384	47.753	7.602	5.941	151.1
regions	10	4	2	9	55.551	47.986	7.536	4.849	151.1
regions	10	4	2	10	55.582	47.999	7.555	5.21	151.1
regions	10	4	2	11	55.321	47.726	7.564	6.352	151.1
regions	10	4	2	12	55.526	47.897	7.601	5.16	151.1
vanilla	10	4	2	1	56.495	48.839	7.622	8.926	151.1
vanilla	10	4	2	2	57.511	49.804	7.67	7.854	151.1
vanilla	10	4	2	3	56.305	48.663	7.611	5.951	151.1
vanilla	10	4	2	4	56.471	48.805	7.635	6.402	151.1
vanilla	10	4	2	5	56.197	48.565	7.602	5.881	151.1
vanilla	10	4	2	6	56.287	48.61	7.648	5.971	151.1
vanilla	10	4	2	7	56.568	48.914	7.622	6.251	151.1
vanilla	10	4	2	8	56.42	48.749	7.641	5.791	151.1
vanilla	10	4	2	9	56.677	48.958	7.689	6.883	151.1
vanilla	10	4	2	10	56.418	48.756	7.634	6.352	151.1
vanilla	10	4	2	11	56.177	48.525	7.626	4.468	151.1
vanilla	10	4	2	12	56.4	48.784	7.58	8.426	151.1
regions	10	8	4	1	69.207	58.838	10.318	18.885	279.1
regions	10	8	4	2	66.006	55.861	10.093	15.599	279.2
regions	10	8	4	3	60.871	50.64	10.196	6.522	279.2
regions	10	8	4	4	60.619	50.317	10.264	7.143	279.2
regions	10	8	4	5	62.521	52.171	10.31	10.34	279.2
regions	10	8	4	6	57.52	47.099	10.386	7.424	279.2
regions	10	8	4	7	60.645	50.156	10.456	8.105	279.2
regions	10	8	4	8	57.069	46.629	10.407	7.525	279.2
regions	10	8	4	9	60.465	50.007	10.425	6.712	279.2
regions	10	8	4	10	57.097	46.566	10.492	8.877	279.2
regions	10	8	4	11	57.329	46.785	10.502	6.583	279.2
regions	10	8	4	12	57.344	46.617	10.69	9.087	279.2
vanilla	10	8	4	1	79.787	69.562	10.182	11.763	279.1
vanilla	10	8	4	2	64.621	54.701	9.878	8.296	279.2
vanilla	10	8	4	3	68.142	58.258	9.847	5.561	279.2
vanilla	10	8	4	4	56.113	46.063	10.015	7.054	279.2
vanilla	10	8	4	5	57.245	47.231	9.98	8.135	279.2
vanilla	10	8	4	6	63.38	53.347	9.999	7.634	279.2
vanilla	10	8	4	7	59.626	49.561	10.03	7.604	279.2
vanilla	10	8	4	8	56.671	46.457	10.173	10.129	279.2
vanilla	10	8	4	9	56.79	46.585	10.172	7.244	279.2
vanilla	10	8	4	10	56.857	46.669	10.153	8.516	279.2
vanilla	10	8	4	11	56.36	46.156	10.17	8.136	279.2
vanilla	10	8	4	12	56.608	46.389	10.183	8.316	279.2
regions	10	16	8	1	79.35	62.842	16.443	26.08	535.2
regions	10	16	8	2	70.313	53.329	16.935	8.215	535.2
regions	10	16	8	3	68.03	51.095	16.893	6.382	535.2
regions	10	16	8	4	70.513	53.163	17.307	6.783	535.2
regions	10	16	8	5	64.823	47.655	17.126	6.392	535.2
regions	10	16	8	6	63.066	45.86	17.164	7.674	535.2
regions	10	16	8	7	66.156	48.409	17.707	6.302	535.2
regions	10	16	8	8	65.91	49.003	16.865	6.342	535.2
regions	10	16	8	9	65.008	47.717	17.252	6.522	535.2
regions	10	16	8	10	64.712	47.466	17.204	6.953	535.2
regions	10	16	8	11	67.575	49.992	17.23	313.07	535.2
regions	10	16	8	12	66.757	49.491	17.225	4.97	535.2
vanilla	10	16	8	1	77.031	61.788	15.183	12.845	535.2
vanilla	10	16	8	2	64.513	48.846	15.615	8.255	535.2
vanilla	10	16	8	3	67.768	51.973	15.752	6.523	535.2
vanilla	10	16	8	4	70.817	55.417	15.341	7.124	535.2
vanilla	10	16	8	5	63.919	47.981	15.894	8.035	535.2
vanilla	10	16	8	6	65.555	49.656	15.854	6.432	535.2
vanilla	10	16	8	7	65.924	50.879	14.989	7.985	535.2
vanilla	10	16	8	8	62.669	46.55	16.061	8.606	535.2
vanilla	10	16	8	9	66.995	51.309	15.631	6.402	535.2
vanilla	10	16	8	10	67.609	51.893	15.672	8.306	535.2
vanilla	10	16	8	11	66.258	49.656	16.266	288.805	535.2
vanilla	10	16	8	12	62.144	46.055	16.04	9.468	535.2
regions	10	30	15	1	97.18	70.754	26.272	11.241	983.3
regions	10	30	15	2	84.549	58.682	25.795	7.845	983.3
regions	10	30	15	3	84.989	60.109	24.813	9.298	983.3
regions	10	30	15	4	81.378	56.06	25.258	9.869	983.3
regions	10	30	15	5	82.243	56.874	25.306	9.698	983.3
regions	10	30	15	6	85.267	59.858	25.339	6.933	983.3
regions	10	30	15	7	80.0	54.778	25.152	8.847	983.3
regions	10	30	15	8	85.015	59.048	25.896	23.144	983.3
regions	10	30	15	9	82.584	57.508	25.008	6.583	983.3
regions	10	30	15	10	83.55	58.07	25.409	7.534	983.3
regions	10	30	15	11	86.666	61.632	24.962	8.937	983.3
regions	10	30	15	12	86.449	61.037	25.345	9.137	983.3
vanilla	10	30	15	1	94.773	71.162	23.445	31.179	983.3
vanilla	10	30	15	2	82.168	58.641	23.456	13.786	983.3
vanilla	10	30	15	3	76.824	53.322	23.44	14.187	983.3
vanilla	10	30	15	4	73.095	49.609	23.434	8.857	983.3
vanilla	10	30	15	5	73.853	50.479	23.32	6.131	983.3
vanilla	10	30	15	6	75.762	52.09	23.595	16.791	983.3
vanilla	10	30	15	7	78.111	54.472	23.572	9.528	983.3
vanilla	10	30	15	8	75.281	51.652	23.557	27.842	983.3
vanilla	10	30	15	9	77.041	53.64	23.326	23.044	983.3
vanilla	10	30	15	10	78.492	54.85	23.591	7.024	983.3
vanilla	10	30	15	11	79.804	55.974	23.78	6.883	983.3
vanilla	10	30	15	12	92.202	68.006	24.132	7.053	983.3
