# exceed_fraction	latency_ns
1.0	30
0.9689500062613694	40
0.9388641146339078	40
0.9097123897531001	40
0.8814658257473117	40
0.8540963173770408	40
0.8275766320702963	40
0.8018803828262766	40
0.77698200196039	40
0.7528567156644913	40
0.7294805193570228	40
0.7068301537985343	40
0.6848830819488146	40
0.6636174665426099	41
0.643012148361616	50
0.6230466251811244	50
0.6037010313703756	50
0.5849561181263206	50
0.5667932343211247	50
0.5491943079443556	50
0.5321418281213919	51
0.5156188276901592	60
0.49960886631885976	60
0.4840960141478948	60
0.46906483593970666	60
0.454500375720767	61
0.44038814190043196	70
0.4267140928518564	70
0.41346462294062086	70
0.4006265489871693	71
0.38818709714958854	80
0.37613389021367666	81
0.3644549352776552	90
0.35313861181927103	100
0.342173660133414	101
0.3315491701287472	110
0.3212545704722014	111
0.31127961807053306	120
0.3016143878784797	120
0.292249263023372	120
0.28317492523637694	121
0.27438234558085023	130
0.2658627754685741	130
0.2576077379549399	130
0.24960901930441626	130
0.24185866081790838	131
0.23434895091387878	140
0.22707241745534817	140
0.22002182031514395	140
0.2131901441719966	140
0.2065705915303184	141
0.20015657595671676	150
0.19394171552651499	150
0.1879198264737574	151
0.18208491703838273	160
0.17643118150444184	160
0.17095299442342976	161
0.1656449050169821	170
0.1605016317533688	170
0.15551805709238667	170
0.15068922239342408	170
0.14601032298162914	171
0.14147670336727416	171
0.13708385261355818	180
0.13282739984823985	180
0.1287031099146334	180
0.12470687915764178	180
0.12083473134063283	180
0.11708281368909709	181
0.11344739305714936	181
0.10992485221306093	190
0.10651168624012548	190
0.10320449904927861	190
0.1	190
0.09689500062613693	191
0.09388641146339076	191
0.09097123897531002	191
0.08814658257473117	200
0.08540963173770408	200
0.08275766320702961	201
0.08018803828262767	201
0.07769820019603901	210
0.07528567156644912	210
0.07294805193570227	211
0.07068301537985344	220
0.06848830819488146	221
0.06636174665426098	230
0.06430121483616158	231
0.06230466251811245	240
0.06037010313703756	241
0.058495611812632055	250
0.05667932343211246	250
0.05491943079443557	251
0.05321418281213919	260
0.05156188276901592	260
0.04996088663188596	260
0.04840960141478949	261
0.04690648359397067	261
0.0454500375720767	261
0.044038814190043185	270
0.042671409285185646	270
0.04134646229406208	270
0.04006265489871692	271
0.03881870971495884	271
0.03761338902136767	271
0.03644549352776552	280
0.0353138611819271	280
0.03421736601334139	280
0.03315491701287472	281
0.03212545704722014	281
0.031127961807053305	281
0.030161438787847966	281
0.02922492630233721	281
0.028317492523637695	290
0.02743823455808502	290
0.0265862775468574	290
0.025760773795493998	291
0.024960901930441627	291
0.02418586608179084	291
0.023434895091387874	300
0.022707241745534824	300
0.022002182031514394	300
0.02131901441719966	301
0.020657059153031832	301
0.02001565759567168	301
0.0193941715526515	310
0.018791982647375742	310
0.01820849170383827	311
0.01764311815044419	311
0.017095299442342976	320
0.016564490501698212	320
0.016050163175336873	321
0.015551805709238671	321
0.015068922239342409	330
0.014601032298162914	331
0.014147670336727411	331
0.01370838526135582	340
0.013282739984823986	341
0.012870310991463341	341
0.012470687915764176	350
0.012083473134063286	351
0.01170828136890971	351
0.011344739305714936	360
0.01099248522130609	361
0.01065116862401255	361
0.010320449904927862	370
0.010000000000000002	371
0.009689500062613694	371
0.009388641146339076	371
0.009097123897530998	380
0.008814658257473112	381
0.008540963173770412	381
0.008275766320702965	390
0.008018803828262767	391
0.0077698200196039	391
0.007528567156644912	391
0.007294805193570227	391
0.007068301537985341	400
0.0068488308194881425	401
0.006636174665426101	401
0.0064301214836161615	401
0.006230466251811245	410
0.006037010313703756	411
0.0058495611812632055	411
0.0056679323432112455	411
0.005491943079443554	411
0.0053214182812139155	420
0.0051561882769015945	421
0.004996088663188599	421
0.004840960141478949	421
0.004690648359397067	421
0.0045450037572076695	430
0.004403881419004318	431
0.004267140928518562	431
0.004134646229406206	431
0.004006265489871695	440
0.0038818709714958863	441
0.0037613389021367667	441
0.0036445493527765523	441
0.0035313861181927096	441
0.0034217366013341386	450
0.00331549170128747	451
0.0032125457047220123	451
0.0031127961807053323	451
0.003016143878784798	451
0.0029224926302337207	460
0.0028317492523637694	461
0.0027438234558085023	461
0.0026586277546857403	461
0.0025760773795493984	461
0.0024960901930441612	470
0.002418586608179085	471
0.0023434895091387887	471
0.0022707241745534824	471
0.0022002182031514396	471
0.002131901441719966	481
0.0020657059153031832	481
0.0020015657595671673	481
0.001939417155265149	481
0.001879198264737575	481
0.0018208491703838277	491
0.001764311815044419	491
0.0017095299442342977	491
0.001656449050169821	491
0.0016050163175336874	491
0.0015551805709238663	501
0.0015068922239342402	501
0.0014601032298162922	501
0.0014147670336727418	501
0.001370838526135582	501
0.0013282739984823986	510
0.0012870310991463343	511
0.0012470687915764175	511
0.001208347313406328	511
0.0011708281368909704	511
0.0011344739305714942	511
0.0010992485221306095	511
0.001065116862401255	521
0.0010320449904927863	521
0.001	521
0.0009689500062613694	521
0.0009388641146339076	521
0.0009097123897530997	521
0.0008814658257473112	521
0.0008540963173770411	531
0.0008275766320702965	531
0.0008018803828262767	531
0.00077698200196039	531
0.0007528567156644912	531
0.0007294805193570227	531
0.0007068301537985341	531
0.0006848830819488142	531
0.0006636174665426101	541
0.0006430121483616162	541
0.0006230466251811245	541
0.0006037010313703756	541
0.0005849561181263205	541
0.0005667932343211246	541
0.0005491943079443555	541
0.0005321418281213915	541
0.0005156188276901594	541
0.0004996088663188599	541
0.00048409601414789487	551
0.00046906483593970666	551
0.00045450037572076693	551
0.00044038814190043183	551
0.0004267140928518562	551
0.00041346462294062063	551
0.0004006265489871695	551
0.00038818709714958863	551
0.0003761338902136767	551
0.00036445493527765524	551
0.000353138611819271	551
0.0003421736601334139	561
0.000331549170128747	561
0.00032125457047220125	561
0.0003112796180705332	561
0.0003016143878784798	561
0.0002922492630233721	561
0.00028317492523637696	561
0.0002743823455808502	561
0.000265862775468574	561
0.0002576077379549398	562
0.0002496090193044161	571
0.00024185866081790852	571
0.00023434895091387886	571
0.00022707241745534824	571
0.00022002182031514395	571
0.0002131901441719966	571
0.00020657059153031832	571
0.0002001565759567167	571
0.0001939417155265149	572
0.0001879198264737575	581
0.00018208491703838279	581
0.0001764311815044419	581
0.00017095299442342976	581
0.0001656449050169821	581
0.00016050163175336873	582
0.00015551805709238662	591
0.000150689222393424	591
0.00014601032298162923	592
0.0001414767033672742	601
0.0001370838526135582	601
0.00013282739984823985	602
0.00012870310991463342	611
0.00012470687915764174	621
0.0001208347313406328	621
0.00011708281368909703	622
0.00011344739305714942	631
0.00010992485221306096	631
0.00010651168624012551	641
0.00010320449904927862	641
0.0001	651
9.689500062613703e-5	651
9.388641146339076e-5	652
9.097123897531007e-5	661
8.814658257473112e-5	671
8.540963173770412e-5	672
8.275766320702957e-5	681
8.018803828262768e-5	691
7.769820019603893e-5	711
7.528567156644912e-5	741
7.294805193570234e-5	772
7.068301537985341e-5	812
6.848830819488149e-5	922
6.636174665426094e-5	5781
6.430121483616162e-5	10500
6.230466251811238e-5	16231
6.037010313703756e-5	16571
5.849561181263211e-5	193645
5.6679323432112456e-5	194537
5.49194307944356e-5	200078
5.321418281213916e-5	215787
5.1561882769015943e-5	227820
4.9960886631885935e-5	244292
4.840960141478949e-5	249992
4.690648359397062e-5	253098
4.5450037572076696e-5	263998
4.4038814190043234e-5	265130
4.267140928518562e-5	267585
4.134646229406211e-5	270200
4.0062654898716905e-5	273767
3.881870971495887e-5	277935
3.761338902136763e-5	280589
3.6445493527765524e-5	281772
3.531386118192713e-5	284066
3.421736601334139e-5	285799
3.3154917012874735e-5	289948
3.212545704722013e-5	290268
3.112796180705332e-5	291410
3.016143878784795e-5	291971
2.922492630233721e-5	292622
2.8317492523637665e-5	293203
2.7438234558085022e-5	293604
2.658627754685743e-5	293925
2.5760773795493983e-5	294425
2.496090193044164e-5	294987
2.4185866081790828e-5	295297
2.3434895091387883e-5	296099
2.2707241745534802e-5	297482
2.2002182031514394e-5	297732
2.1319014417199683e-5	298022
2.0657059153031834e-5	298203
2.0015657595671693e-5	298884
1.939417155265149e-5	299496
1.879198264737575e-5	300047
1.820849170383826e-5	300427
1.764311815044419e-5	301038
1.709529944234296e-5	302972
1.656449050169821e-5	303994
1.605016317533689e-5	305186
1.5551805709238664e-5	305546
1.5068922239342416e-5	307931
1.4601032298162908e-5	309935
1.414767033672742e-5	311969
1.3708385261355807e-5	313612
1.3282739984823985e-5	318391
1.2870310991463354e-5	318982
1.2470687915764176e-5	322138
1.2083473134063293e-5	325915
1.1708281368909704e-5	331275
1.1344739305714943e-5	333550
1.0992485221306085e-5	346644
1.0651168624012552e-5	348367
1.0320449904927852e-5	350852
1.0e-5	359007
9.689500062613703e-6	361743
9.388641146339076e-6	363736
9.097123897531006e-6	364678
8.814658257473112e-6	366942
8.540963173770412e-6	369958
8.275766320702957e-6	370790
8.018803828262767e-6	370940
7.769820019603893e-6	373134
7.528567156644912e-6	374817
7.294805193570234e-6	375209
7.068301537985341e-6	375429
6.84883081948815e-6	375459
6.636174665426095e-6	376360
6.430121483616161e-6	377152
6.230466251811239e-6	377863
6.037010313703756e-6	379086
5.849561181263212e-6	380929
5.6679323432112455e-6	381390
5.49194307944356e-6	382191
5.321418281213916e-6	383253
5.156188276901594e-6	384636
4.996088663188594e-6	386289
4.840960141478949e-6	386289
4.690648359397062e-6	387081
4.545003757207669e-6	400556
4.403881419004323e-6	400556
4.2671409285185625e-6	843882
4.134646229406211e-6	856417
4.006265489871691e-6	856417
3.881870971495886e-6	969871
3.761338902136763e-6	973848
3.644549352776552e-6	973848
3.5313861181927136e-6	977304
3.4217366013341387e-6	977304
3.315491701287474e-6	983856
3.2125457047220125e-6	983856
3.112796180705332e-6	989607
3.016143878784795e-6	989607
2.9224926302337207e-6	991852
2.8317492523637666e-6	991852
2.7438234558085022e-6	994797
2.658627754685743e-6	994797
2.5760773795493983e-6	1007842
2.496090193044164e-6	1007842
2.418586608179083e-6	1007842
2.3434895091387885e-6	2549962
2.27072417455348e-6	2549962
2.2002182031514395e-6	2549962
2.131901441719968e-6	2618472
2.0657059153031835e-6	2618472
2.001565759567169e-6	2618472
1.939417155265149e-6	3644638
1.8791982647375751e-6	3644638
1.8208491703838258e-6	3644638
1.764311815044419e-6	3797187
1.709529944234296e-6	3797187
1.656449050169821e-6	3797187
1.605016317533689e-6	3797187
1.5551805709238662e-6	3798259
1.5068922239342417e-6	3798259
1.4601032298162907e-6	3798259
1.4147670336727419e-6	3798259
1.3708385261355808e-6	3858833
1.3282739984823986e-6	3858833
1.2870310991463355e-6	3858833
1.2470687915764174e-6	3858833
1.2083473134063293e-6	3858833
1.1708281368909703e-6	3859434
1.1344739305714942e-6	3859434
1.0992485221306085e-6	3859434
1.0651168624012551e-6	3859434
1.032044990492785e-6	3859434
1.0e-6	3859434
9.689500062613703e-7	3867769
9.388641146339077e-7	3867769
9.097123897531007e-7	3867769
8.814658257473113e-7	3867769
8.540963173770411e-7	3867769
8.275766320702956e-7	3867769
8.018803828262767e-7	3867769
7.769820019603893e-7	3871807
7.528567156644912e-7	3871807
7.294805193570235e-7	3871807
7.068301537985341e-7	3871807
6.848830819488149e-7	3871807
6.636174665426094e-7	3871807
6.430121483616161e-7	3871807
6.230466251811239e-7	3871807
6.037010313703756e-7	3871807
5.849561181263212e-7	3918916
5.667932343211246e-7	3918916
5.491943079443559e-7	3918916
5.321418281213915e-7	3918916
5.156188276901594e-7	3918916
4.996088663188593e-7	3918916
4.840960141478949e-7	3918916
4.690648359397062e-7	3918916
4.5450037572076695e-7	3918916
4.403881419004323e-7	3918916
4.267140928518562e-7	3918916
4.1346462294062107e-7	3918916
4.006265489871691e-7	3918916
3.8818709714958865e-7	4008105
3.761338902136763e-7	4008105
3.6445493527765525e-7	4008105
3.531386118192713e-7	4008105
3.4217366013341387e-7	4008105
3.315491701287474e-7	4008105
3.2125457047220123e-7	4008105
3.1127961807053324e-7	4008105
3.016143878784795e-7	4008105
2.922492630233721e-7	4008105
2.8317492523637665e-7	4008105
2.7438234558085023e-7	4008105
2.658627754685743e-7	4008105
2.5760773795493985e-7	4008105
2.496090193044164e-7	4008105
2.418586608179083e-7	4008105
2.3434895091387886e-7	4008105
2.27072417455348e-7	4008105
2.2002182031514395e-7	4008105
2.1319014417199683e-7	4008105
2.0657059153031833e-7	4008105
2.0015657595671691e-7	4008105
1.939417155265149e-7	4008105
1.879198264737575e-7	4008105
1.8208491703838258e-7	4008105
1.764311815044419e-7	4008105
1.709529944234296e-7	4008105
1.656449050169821e-7	4008105
1.605016317533689e-7	4008105
1.5551805709238662e-7	4008105
1.5068922239342416e-7	4008105
1.4601032298162908e-7	4008105
1.414767033672742e-7	4008105
1.3708385261355806e-7	4008105
1.3282739984823986e-7	4008105
1.2870310991463354e-7	4008105
1.2470687915764174e-7	4008105
1.2083473134063294e-7	4008105
1.1708281368909704e-7	4008105
1.1344739305714943e-7	4008105
1.0992485221306085e-7	4008105
1.0651168624012551e-7	4008105
1.0320449904927851e-7	4008105
1.0000000000000001e-7	4008105
2.0e-7	4008105
